﻿ID,Area,Longitude,Latitude,error_info
6,万寿路街道_110108001000,116.247231,39.90416,No_SV_ID
7,万寿路街道_110108001000,116.247094,39.903725,No_SV_ID
8,万寿路街道_110108001000,116.247154,39.898832,No_SV_ID
9,万寿路街道_110108001000,116.247461,39.899215,No_SV_ID
10,万寿路街道_110108001000,116.247164,39.905841,No_SV_ID
11,万寿路街道_110108001000,116.247091,39.905397,No_SV_ID
12,万寿路街道_110108001000,116.247231,39.90416,No_SV_ID
13,万寿路街道_110108001000,116.247094,39.904595,No_SV_ID
14,万寿路街道_110108001000,116.247083,39.905044,No_SV_ID
18,万寿路街道_110108001000,116.247065,39.911223,180
26,万寿路街道_110108001000,116.247164,39.905841,No_SV_ID
30,万寿路街道_110108001000,116.247091,39.907881,No_SV_ID
31,万寿路街道_110108001000,116.247065,39.908331,No_SV_ID
32,万寿路街道_110108001000,116.247067,39.908781,No_SV_ID
33,万寿路街道_110108001000,116.247068,39.909231,No_SV_ID
36,万寿路街道_110108001000,116.247231,39.90416,No_SV_ID
37,万寿路街道_110108001000,116.247816,39.904147,No_SV_ID
38,万寿路街道_110108001000,116.2484,39.904148,No_SV_ID
39,万寿路街道_110108001000,116.248985,39.904158,No_SV_ID
68,万寿路街道_110108001000,116.248774,39.900163,No_SV_ID
69,万寿路街道_110108001000,116.249349,39.900227,No_SV_ID
70,万寿路街道_110108001000,116.249857,39.900447,No_SV_ID
73,万寿路街道_110108001000,116.24828,39.902192,No_SV_ID
74,万寿路街道_110108001000,116.248862,39.90223,No_SV_ID
75,万寿路街道_110108001000,116.249442,39.902291,No_SV_ID
76,万寿路街道_110108001000,116.248435,39.916104,No_SV_ID
77,万寿路街道_110108001000,116.249304,39.916119,No_SV_ID
78,万寿路街道_110108001000,116.248723,39.916142,No_SV_ID
84,万寿路街道_110108001000,116.249035,39.904161,No_SV_ID
85,万寿路街道_110108001000,116.249336,39.903775,No_SV_ID
86,万寿路街道_110108001000,116.249653,39.903398,No_SV_ID
89,万寿路街道_110108001000,116.249454,39.900804,No_SV_ID
90,万寿路街道_110108001000,116.250032,39.900869,No_SV_ID
91,万寿路街道_110108001000,116.251867,39.916332,No_SV_ID
92,万寿路街道_110108001000,116.251283,39.916333,No_SV_ID
95,万寿路街道_110108001000,116.249552,39.916225,No_SV_ID
96,万寿路街道_110108001000,116.249502,39.915599,No_SV_ID
97,万寿路街道_110108001000,116.24935,39.916031,No_SV_ID
98,万寿路街道_110108001000,116.24971,39.90232,No_SV_ID
99,万寿路街道_110108001000,116.249963,39.902726,No_SV_ID
100,万寿路街道_110108001000,116.24971,39.90232,No_SV_ID
101,万寿路街道_110108001000,116.249929,39.901902,No_SV_ID
102,万寿路街道_110108001000,116.250037,39.90146,No_SV_ID
103,万寿路街道_110108001000,116.250101,39.901013,No_SV_ID
104,万寿路街道_110108001000,116.249985,39.902759,No_SV_ID
107,万寿路街道_110108001000,116.252673,39.902613,No_SV_ID
108,万寿路街道_110108001000,116.252089,39.902612,No_SV_ID
109,万寿路街道_110108001000,116.251504,39.902611,No_SV_ID
110,万寿路街道_110108001000,116.250921,39.90264,No_SV_ID
111,万寿路街道_110108001000,116.250344,39.902713,No_SV_ID
116,万寿路街道_110108001000,116.250724,39.904341,No_SV_ID
117,万寿路街道_110108001000,116.250664,39.903896,No_SV_ID
118,万寿路街道_110108001000,116.250398,39.903496,No_SV_ID
119,万寿路街道_110108001000,116.250017,39.903155,No_SV_ID
120,万寿路街道_110108001000,116.250244,39.900713,No_SV_ID
121,万寿路街道_110108001000,116.250244,39.900713,No_SV_ID
122,万寿路街道_110108001000,116.250775,39.900526,No_SV_ID
125,万寿路街道_110108001000,116.250496,39.90929,180
135,万寿路街道_110108001000,116.25233,39.910534,No_SV_ID
136,万寿路街道_110108001000,116.251767,39.910643,No_SV_ID
137,万寿路街道_110108001000,116.251183,39.910642,No_SV_ID
138,万寿路街道_110108001000,116.250602,39.910604,No_SV_ID
145,万寿路街道_110108001000,116.251118,39.900398,No_SV_ID
148,万寿路街道_110108001000,116.251127,39.900376,No_SV_ID
149,万寿路街道_110108001000,116.251328,39.900523,No_SV_ID
150,万寿路街道_110108001000,116.251778,39.900809,No_SV_ID
153,万寿路街道_110108001000,116.251998,39.900931,No_SV_ID
154,万寿路街道_110108001000,116.25257,39.901004,No_SV_ID
157,万寿路街道_110108001000,116.253965,39.898973,No_SV_ID
158,万寿路街道_110108001000,116.25338,39.898985,No_SV_ID
159,万寿路街道_110108001000,116.252801,39.899036,No_SV_ID
161,万寿路街道_110108001000,116.252416,39.910205,No_SV_ID
162,万寿路街道_110108001000,116.25238,39.909757,No_SV_ID
164,万寿路街道_110108001000,116.252411,39.90674,No_SV_ID
170,万寿路街道_110108001000,116.252416,39.910205,No_SV_ID
172,万寿路街道_110108001000,116.253262,39.906209,No_SV_ID
176,万寿路街道_110108001000,116.253986,39.903539,No_SV_ID
181,万寿路街道_110108001000,116.253833,39.90571,No_SV_ID
185,万寿路街道_110108001000,116.253944,39.896443,No_SV_ID
186,万寿路街道_110108001000,116.253947,39.896893,No_SV_ID
187,万寿路街道_110108001000,116.253949,39.897343,No_SV_ID
188,万寿路街道_110108001000,116.253952,39.897793,No_SV_ID
189,万寿路街道_110108001000,116.253955,39.898243,No_SV_ID
190,万寿路街道_110108001000,116.253957,39.898693,No_SV_ID
198,万寿路街道_110108001000,116.254497,39.898979,No_SV_ID
199,万寿路街道_110108001000,116.25397,39.898978,No_SV_ID
200,万寿路街道_110108001000,116.253969,39.899428,No_SV_ID
209,万寿路街道_110108001000,116.254517,39.902617,No_SV_ID
218,万寿路街道_110108001000,116.254492,39.903119,No_SV_ID
221,万寿路街道_110108001000,116.254473,39.905435,No_SV_ID
222,万寿路街道_110108001000,116.254481,39.904985,No_SV_ID
226,万寿路街道_110108001000,116.254513,39.905766,No_SV_ID
228,万寿路街道_110108001000,116.254567,39.902618,No_SV_ID
235,万寿路街道_110108001000,116.254599,39.904932,No_SV_ID
236,万寿路街道_110108001000,116.25459,39.905383,No_SV_ID
241,万寿路街道_110108001000,116.254663,39.902618,No_SV_ID
248,万寿路街道_110108001000,116.254713,39.905089,No_SV_ID
252,万寿路街道_110108001000,116.255259,39.904411,No_SV_ID
257,万寿路街道_110108001000,116.254815,39.902619,No_SV_ID
261,万寿路街道_110108001000,116.254836,39.904778,No_SV_ID
262,万寿路街道_110108001000,116.254827,39.905228,No_SV_ID
263,万寿路街道_110108001000,116.254836,39.904778,No_SV_ID
269,万寿路街道_110108001000,116.254913,39.902619,No_SV_ID
276,万寿路街道_110108001000,116.25495,39.904914,No_SV_ID
277,万寿路街道_110108001000,116.254942,39.905364,No_SV_ID
282,万寿路街道_110108001000,116.255147,39.902619,No_SV_ID
289,万寿路街道_110108001000,116.255147,39.902619,No_SV_ID
296,万寿路街道_110108001000,116.256863,39.906211,No_SV_ID
299,万寿路街道_110108001000,116.25895,39.895983,No_SV_ID
314,万寿路街道_110108001000,116.258044,39.902617,No_SV_ID
317,万寿路街道_110108001000,116.25895,39.895983,No_SV_ID
322,万寿路街道_110108001000,116.258591,39.89779,No_SV_ID
323,万寿路街道_110108001000,116.258591,39.89779,No_SV_ID
333,万寿路街道_110108001000,116.258713,39.900342,No_SV_ID
340,万寿路街道_110108001000,116.258633,39.902612,No_SV_ID
341,万寿路街道_110108001000,116.258633,39.902612,No_SV_ID
346,万寿路街道_110108001000,116.258641,39.902618,No_SV_ID
347,万寿路街道_110108001000,116.258614,39.903068,No_SV_ID
354,万寿路街道_110108001000,116.259239,39.90262,No_SV_ID
355,万寿路街道_110108001000,116.258654,39.902618,No_SV_ID
359,万寿路街道_110108001000,116.260347,39.906212,No_SV_ID
360,万寿路街道_110108001000,116.260924,39.906149,No_SV_ID
364,万寿路街道_110108001000,116.258683,39.904783,No_SV_ID
365,万寿路街道_110108001000,116.258753,39.900417,No_SV_ID
367,万寿路街道_110108001000,116.258748,39.904666,No_SV_ID
371,万寿路街道_110108001000,116.260318,39.896182,No_SV_ID
372,万寿路街道_110108001000,116.259771,39.896025,No_SV_ID
373,万寿路街道_110108001000,116.259192,39.895971,No_SV_ID
378,万寿路街道_110108001000,116.260332,39.898106,No_SV_ID
384,万寿路街道_110108001000,116.260342,39.898376,No_SV_ID
387,万寿路街道_110108001000,116.259975,39.898466,No_SV_ID
389,万寿路街道_110108001000,116.260342,39.898574,No_SV_ID
395,万寿路街道_110108001000,116.26033,39.896187,No_SV_ID
397,万寿路街道_110108001000,116.26033,39.896187,No_SV_ID
398,万寿路街道_110108001000,116.26033,39.896187,No_SV_ID
399,万寿路街道_110108001000,116.260821,39.895943,No_SV_ID
400,万寿路街道_110108001000,116.261354,39.895763,No_SV_ID
404,万寿路街道_110108001000,116.260391,39.896463,No_SV_ID
405,万寿路街道_110108001000,116.260332,39.898052,No_SV_ID
406,万寿路街道_110108001000,116.260332,39.898052,No_SV_ID
408,万寿路街道_110108001000,116.260332,39.898106,No_SV_ID
409,万寿路街道_110108001000,116.260342,39.898227,No_SV_ID
410,万寿路街道_110108001000,116.260342,39.898286,No_SV_ID
411,万寿路街道_110108001000,116.260342,39.898286,No_SV_ID
412,万寿路街道_110108001000,116.260342,39.898466,No_SV_ID
413,万寿路街道_110108001000,116.260342,39.898574,No_SV_ID
419,万寿路街道_110108001000,116.260452,39.898647,No_SV_ID
420,万寿路街道_110108001000,116.261141,39.896658,No_SV_ID
421,万寿路街道_110108001000,116.26061,39.896471,No_SV_ID
429,万寿路街道_110108001000,116.260963,39.90318,180
438,万寿路街道_110108001000,116.263302,39.904578,No_SV_ID
445,万寿路街道_110108001000,116.26097,39.905574,No_SV_ID
446,万寿路街道_110108001000,116.260971,39.906025,No_SV_ID
447,万寿路街道_110108001000,116.260971,39.906139,No_SV_ID
457,万寿路街道_110108001000,116.261801,39.900421,No_SV_ID
458,万寿路街道_110108001000,116.262113,39.895706,No_SV_ID
459,万寿路街道_110108001000,116.261918,39.900421,No_SV_ID
460,万寿路街道_110108001000,116.262035,39.900421,No_SV_ID
461,万寿路街道_110108001000,116.263423,39.895686,No_SV_ID
462,万寿路街道_110108001000,116.262841,39.89565,No_SV_ID
463,万寿路街道_110108001000,116.26226,39.89568,No_SV_ID
464,万寿路街道_110108001000,116.262152,39.900421,No_SV_ID
465,万寿路街道_110108001000,116.262269,39.900422,No_SV_ID
466,万寿路街道_110108001000,116.262386,39.900422,No_SV_ID
467,万寿路街道_110108001000,116.262621,39.900422,No_SV_ID
469,万寿路街道_110108001000,116.262621,39.900422,No_SV_ID
479,万寿路街道_110108001000,116.263244,39.899533,No_SV_ID
480,万寿路街道_110108001000,116.26325,39.899983,No_SV_ID
485,万寿路街道_110108001000,116.264396,39.898968,No_SV_ID
486,万寿路街道_110108001000,116.26498,39.898967,No_SV_ID
492,万寿路街道_110108001000,116.263314,39.904556,No_SV_ID
493,万寿路街道_110108001000,116.263423,39.895686,No_SV_ID
494,万寿路街道_110108001000,116.264005,39.89569,No_SV_ID
495,万寿路街道_110108001000,116.264558,39.895833,No_SV_ID
504,万寿路街道_110108001000,116.264793,39.89593,No_SV_ID
505,万寿路街道_110108001000,116.264362,39.896234,No_SV_ID
508,万寿路街道_110108001000,116.265711,39.896068,No_SV_ID
509,万寿路街道_110108001000,116.265137,39.895981,No_SV_ID
511,万寿路街道_110108001000,116.265711,39.896068,No_SV_ID
512,万寿路街道_110108001000,116.265859,39.895632,No_SV_ID
513,万寿路街道_110108001000,116.26688,39.897099,No_SV_ID
525,万寿路街道_110108001000,116.267972,39.897197,No_SV_ID
526,万寿路街道_110108001000,116.26739,39.897155,No_SV_ID
531,万寿路街道_110108001000,116.268775,39.896209,No_SV_ID
552,万寿路街道_110108001000,116.268012,39.908822,No_SV_ID
553,万寿路街道_110108001000,116.26801,39.908371,No_SV_ID
554,万寿路街道_110108001000,116.268043,39.907922,No_SV_ID
569,万寿路街道_110108001000,116.268021,39.905326,No_SV_ID
570,万寿路街道_110108001000,116.268025,39.904876,No_SV_ID
584,万寿路街道_110108001000,116.26822,39.912673,No_SV_ID
585,万寿路街道_110108001000,116.26861,39.913007,No_SV_ID
586,万寿路街道_110108001000,116.26826,39.911663,No_SV_ID
587,万寿路街道_110108001000,116.268133,39.9121,No_SV_ID
588,万寿路街道_110108001000,116.268182,39.912548,No_SV_ID
592,万寿路街道_110108001000,116.271602,39.911671,No_SV_ID
593,万寿路街道_110108001000,116.271017,39.911668,No_SV_ID
594,万寿路街道_110108001000,116.270433,39.911671,No_SV_ID
595,万寿路街道_110108001000,116.269849,39.911675,No_SV_ID
596,万寿路街道_110108001000,116.269264,39.91168,No_SV_ID
597,万寿路街道_110108001000,116.26868,39.911673,No_SV_ID
614,万寿路街道_110108001000,116.26917,39.896473,No_SV_ID
618,万寿路街道_110108001000,116.269501,39.906554,No_SV_ID
620,万寿路街道_110108001000,116.26873,39.913113,No_SV_ID
621,万寿路街道_110108001000,116.268655,39.913558,No_SV_ID
625,万寿路街道_110108001000,116.268949,39.915344,No_SV_ID
626,万寿路街道_110108001000,116.269033,39.915789,No_SV_ID
627,万寿路街道_110108001000,116.269148,39.91623,No_SV_ID
628,万寿路街道_110108001000,116.26873,39.913113,No_SV_ID
629,万寿路街道_110108001000,116.269307,39.913042,No_SV_ID
630,万寿路街道_110108001000,116.269892,39.913043,No_SV_ID
631,万寿路街道_110108001000,116.270477,39.91305,No_SV_ID
635,万寿路街道_110108001000,116.269194,39.896441,No_SV_ID
638,万寿路街道_110108001000,116.269273,39.916447,No_SV_ID
639,万寿路街道_110108001000,116.269181,39.916889,No_SV_ID
642,万寿路街道_110108001000,116.269273,39.916447,No_SV_ID
650,万寿路街道_110108001000,116.269501,39.906554,No_SV_ID
654,万寿路街道_110108001000,116.269755,39.906488,No_SV_ID
674,万寿路街道_110108001000,116.269755,39.906488,No_SV_ID
684,万寿路街道_110108001000,116.269871,39.908516,No_SV_ID
689,万寿路街道_110108001000,116.272488,39.909867,No_SV_ID
690,万寿路街道_110108001000,116.271904,39.909865,No_SV_ID
691,万寿路街道_110108001000,116.271319,39.909865,No_SV_ID
692,万寿路街道_110108001000,116.270734,39.909865,No_SV_ID
741,万寿路街道_110108001000,116.274887,39.913062,No_SV_ID
742,万寿路街道_110108001000,116.274302,39.913062,No_SV_ID
743,万寿路街道_110108001000,116.273718,39.913061,No_SV_ID
744,万寿路街道_110108001000,116.273133,39.913061,No_SV_ID
745,万寿路街道_110108001000,116.272548,39.91306,No_SV_ID
765,万寿路街道_110108001000,116.272199,39.901486,No_SV_ID
769,万寿路街道_110108001000,116.272609,39.902423,No_SV_ID
793,万寿路街道_110108001000,116.272748,39.902453,No_SV_ID
806,万寿路街道_110108001000,116.274428,39.895827,No_SV_ID
810,万寿路街道_110108001000,116.273279,39.901486,No_SV_ID
811,万寿路街道_110108001000,116.273282,39.901936,No_SV_ID
813,万寿路街道_110108001000,116.275172,39.900969,No_SV_ID
814,万寿路街道_110108001000,116.27459,39.900943,No_SV_ID
815,万寿路街道_110108001000,116.274005,39.900943,No_SV_ID
823,万寿路街道_110108001000,116.27388,39.911676,No_SV_ID
836,万寿路街道_110108001000,116.276043,39.916291,No_SV_ID
837,万寿路街道_110108001000,116.275487,39.91642,No_SV_ID
842,万寿路街道_110108001000,116.276262,39.918435,No_SV_ID
843,万寿路街道_110108001000,116.275678,39.918453,No_SV_ID
848,万寿路街道_110108001000,116.274487,39.895834,No_SV_ID
849,万寿路街道_110108001000,116.275071,39.89584,No_SV_ID
850,万寿路街道_110108001000,116.275656,39.895844,No_SV_ID
852,万寿路街道_110108001000,116.277324,39.906254,No_SV_ID
853,万寿路街道_110108001000,116.276739,39.906245,No_SV_ID
859,万寿路街道_110108001000,116.275172,39.900969,No_SV_ID
860,万寿路街道_110108001000,116.275392,39.901386,No_SV_ID
863,万寿路街道_110108001000,116.275172,39.900969,No_SV_ID
881,万寿路街道_110108001000,116.276674,39.898969,No_SV_ID
882,万寿路街道_110108001000,116.277256,39.899013,No_SV_ID
883,万寿路街道_110108001000,116.276026,39.895847,No_SV_ID
888,万寿路街道_110108001000,116.276029,39.914974,No_SV_ID
889,万寿路街道_110108001000,116.276031,39.915424,No_SV_ID
890,万寿路街道_110108001000,116.276032,39.915874,No_SV_ID
891,万寿路街道_110108001000,116.277185,39.913057,No_SV_ID
893,万寿路街道_110108001000,116.277362,39.895834,No_SV_ID
894,万寿路街道_110108001000,116.276781,39.895782,No_SV_ID
895,万寿路街道_110108001000,116.277393,39.916408,No_SV_ID
896,万寿路街道_110108001000,116.276808,39.916408,No_SV_ID
897,万寿路街道_110108001000,116.276233,39.916356,No_SV_ID
900,万寿路街道_110108001000,116.277201,39.900699,No_SV_ID
901,万寿路街道_110108001000,116.277349,39.901131,No_SV_ID
905,万寿路街道_110108001000,116.277201,39.900699,No_SV_ID
906,万寿路街道_110108001000,116.277284,39.900522,No_SV_ID
907,万寿路街道_110108001000,116.277333,39.900074,No_SV_ID
908,万寿路街道_110108001000,116.277343,39.899624,No_SV_ID
909,万寿路街道_110108001000,116.277333,39.899174,No_SV_ID
910,万寿路街道_110108001000,116.277362,39.895834,No_SV_ID
911,万寿路街道_110108001000,116.277185,39.913057,No_SV_ID
912,万寿路街道_110108001000,116.277377,39.913479,No_SV_ID
913,万寿路街道_110108001000,116.277387,39.913929,No_SV_ID
914,万寿路街道_110108001000,116.277387,39.914379,No_SV_ID
915,万寿路街道_110108001000,116.277388,39.91483,No_SV_ID
916,万寿路街道_110108001000,116.277388,39.91528,No_SV_ID
917,万寿路街道_110108001000,116.277389,39.91573,No_SV_ID
918,万寿路街道_110108001000,116.277391,39.916181,No_SV_ID
919,万寿路街道_110108001000,116.277185,39.913057,No_SV_ID
920,万寿路街道_110108001000,116.27734,39.912627,No_SV_ID
921,万寿路街道_110108001000,116.277326,39.912177,No_SV_ID
922,万寿路街道_110108001000,116.277444,39.895888,No_SV_ID
923,万寿路街道_110108001000,116.277361,39.896334,No_SV_ID
924,万寿路街道_110108001000,116.277328,39.896782,No_SV_ID
928,万寿路街道_110108001000,116.277334,39.898583,No_SV_ID
929,万寿路街道_110108001000,116.277339,39.899016,No_SV_ID
930,万寿路街道_110108001000,116.277922,39.898975,No_SV_ID
931,万寿路街道_110108001000,116.278506,39.898965,No_SV_ID
935,万寿路街道_110108001000,116.277343,39.906265,No_SV_ID
936,万寿路街道_110108001000,116.277324,39.906254,No_SV_ID
940,万寿路街道_110108001000,116.277444,39.895888,No_SV_ID
941,万寿路街道_110108001000,116.278028,39.895867,No_SV_ID
942,万寿路街道_110108001000,116.278601,39.895947,No_SV_ID
944,万寿路街道_110108001000,116.277354,39.90841,No_SV_ID
945,万寿路街道_110108001000,116.277353,39.90796,No_SV_ID
946,万寿路街道_110108001000,116.277358,39.90751,No_SV_ID
949,万寿路街道_110108001000,116.277343,39.906265,No_SV_ID
964,万寿路街道_110108001000,116.277421,39.916433,No_SV_ID
968,万寿路街道_110108001000,116.279241,39.908892,No_SV_ID
974,万寿路街道_110108001000,116.277421,39.916433,No_SV_ID
979,万寿路街道_110108001000,116.277421,39.916433,No_SV_ID
980,万寿路街道_110108001000,116.278006,39.916438,No_SV_ID
981,万寿路街道_110108001000,116.27859,39.916454,No_SV_ID
985,万寿路街道_110108001000,116.278069,39.911599,No_SV_ID
986,万寿路街道_110108001000,116.278653,39.911597,No_SV_ID
987,万寿路街道_110108001000,116.279238,39.9116,No_SV_ID
988,万寿路街道_110108001000,116.279822,39.911585,No_SV_ID
995,万寿路街道_110108001000,116.278741,39.9026,No_SV_ID
996,万寿路街道_110108001000,116.279325,39.9026,No_SV_ID
1000,万寿路街道_110108001000,116.27934,39.897569,No_SV_ID
1001,万寿路街道_110108001000,116.278892,39.89728,No_SV_ID
1002,万寿路街道_110108001000,116.27874,39.897181,No_SV_ID
1003,万寿路街道_110108001000,116.278652,39.89674,No_SV_ID
1004,万寿路街道_110108001000,116.278786,39.896302,No_SV_ID
1005,万寿路街道_110108001000,116.279288,39.896017,No_SV_ID
1008,万寿路街道_110108001000,116.279298,39.89678,No_SV_ID
1009,万寿路街道_110108001000,116.279292,39.896329,No_SV_ID
1010,万寿路街道_110108001000,116.279405,39.896017,No_SV_ID
1011,万寿路街道_110108001000,116.27934,39.897569,No_SV_ID
1012,万寿路街道_110108001000,116.279348,39.896844,No_SV_ID
1013,万寿路街道_110108001000,116.279343,39.897294,No_SV_ID
1014,万寿路街道_110108001000,116.279415,39.896781,No_SV_ID
1015,万寿路街道_110108001000,116.279409,39.896331,No_SV_ID
1016,万寿路街道_110108001000,116.279405,39.896017,No_SV_ID
1017,万寿路街道_110108001000,116.279456,39.89765,No_SV_ID
1018,万寿路街道_110108001000,116.279465,39.896842,No_SV_ID
1019,万寿路街道_110108001000,116.27946,39.897292,No_SV_ID
1020,万寿路街道_110108001000,116.279522,39.896017,No_SV_ID
1021,万寿路街道_110108001000,116.279528,39.896467,No_SV_ID
1022,万寿路街道_110108001000,116.279522,39.896017,No_SV_ID
1023,万寿路街道_110108001000,116.280204,39.904724,No_SV_ID
1024,万寿路街道_110108001000,116.27964,39.90461,No_SV_ID
1025,万寿路街道_110108001000,116.279428,39.909564,No_SV_ID
1026,万寿路街道_110108001000,116.279904,39.909307,No_SV_ID
1027,万寿路街道_110108001000,116.279572,39.897739,No_SV_ID
1028,万寿路街道_110108001000,116.279572,39.897739,No_SV_ID
1029,万寿路街道_110108001000,116.279577,39.897288,No_SV_ID
1030,万寿路街道_110108001000,116.279649,39.896784,No_SV_ID
1031,万寿路街道_110108001000,116.279643,39.896334,No_SV_ID
1032,万寿路街道_110108001000,116.279639,39.896016,No_SV_ID
1033,万寿路街道_110108001000,116.279804,39.897917,No_SV_ID
1034,万寿路街道_110108001000,116.279699,39.896839,No_SV_ID
1035,万寿路街道_110108001000,116.279694,39.897289,No_SV_ID
1036,万寿路街道_110108001000,116.279689,39.89774,No_SV_ID
1037,万寿路街道_110108001000,116.279695,39.908921,No_SV_ID
1038,万寿路街道_110108001000,116.279621,39.908474,No_SV_ID
1039,万寿路街道_110108001000,116.279741,39.907911,No_SV_ID
1040,万寿路街道_110108001000,116.279766,39.896785,No_SV_ID
1041,万寿路街道_110108001000,116.27976,39.896335,No_SV_ID
1042,万寿路街道_110108001000,116.279756,39.896016,No_SV_ID
1043,万寿路街道_110108001000,116.279804,39.897917,No_SV_ID
1044,万寿路街道_110108001000,116.279816,39.896838,No_SV_ID
1045,万寿路街道_110108001000,116.279811,39.897288,No_SV_ID
1046,万寿路街道_110108001000,116.279806,39.897739,No_SV_ID
1047,万寿路街道_110108001000,116.280075,39.909211,No_SV_ID
1048,万寿路街道_110108001000,116.279741,39.907911,No_SV_ID
1052,万寿路街道_110108001000,116.280299,39.907807,No_SV_ID
1055,万寿路街道_110108001000,116.280171,39.897623,No_SV_ID
1056,万寿路街道_110108001000,116.280361,39.897197,No_SV_ID
1057,万寿路街道_110108001000,116.280457,39.896757,No_SV_ID
1058,万寿路街道_110108001000,116.280311,39.896322,No_SV_ID
1067,万寿路街道_110108001000,116.280204,39.904724,No_SV_ID
1068,万寿路街道_110108001000,116.280215,39.905173,No_SV_ID
1074,万寿路街道_110108001000,116.281526,39.895855,No_SV_ID
1075,万寿路街道_110108001000,116.280942,39.895861,No_SV_ID
1076,万寿路街道_110108001000,116.28038,39.895979,No_SV_ID
1077,万寿路街道_110108001000,116.280058,39.910818,No_SV_ID
1078,万寿路街道_110108001000,116.280068,39.911269,No_SV_ID
1079,万寿路街道_110108001000,116.280553,39.909346,No_SV_ID
1080,万寿路街道_110108001000,116.280332,39.909764,No_SV_ID
1081,万寿路街道_110108001000,116.280111,39.91018,No_SV_ID
1082,万寿路街道_110108001000,116.280061,39.910627,No_SV_ID
1083,万寿路街道_110108001000,116.280075,39.909211,No_SV_ID
1088,万寿路街道_110108001000,116.280204,39.904724,No_SV_ID
1092,万寿路街道_110108001000,116.281857,39.918228,No_SV_ID
1093,万寿路街道_110108001000,116.280278,39.909264,No_SV_ID
1094,万寿路街道_110108001000,116.28028,39.908813,No_SV_ID
1095,万寿路街道_110108001000,116.280282,39.908363,No_SV_ID
1096,万寿路街道_110108001000,116.280553,39.909346,No_SV_ID
1097,万寿路街道_110108001000,116.280454,39.904546,No_SV_ID
1103,万寿路街道_110108001000,116.280876,39.897849,No_SV_ID
1104,万寿路街道_110108001000,116.280553,39.909346,No_SV_ID
1105,万寿路街道_110108001000,116.280976,39.909293,No_SV_ID
1107,万寿路街道_110108001000,116.281075,39.909181,No_SV_ID
1114,万寿路街道_110108001000,116.282878,39.902566,No_SV_ID
1115,万寿路街道_110108001000,116.282295,39.902572,No_SV_ID
1116,万寿路街道_110108001000,116.281726,39.902663,No_SV_ID
1135,万寿路街道_110108001000,116.281983,39.908863,No_SV_ID
1136,万寿路街道_110108001000,116.282565,39.908902,No_SV_ID
1156,万寿路街道_110108001000,116.282006,39.912636,No_SV_ID
1157,万寿路街道_110108001000,116.282007,39.913086,No_SV_ID
1158,万寿路街道_110108001000,116.282007,39.913536,No_SV_ID
1159,万寿路街道_110108001000,116.282008,39.913987,No_SV_ID
1160,万寿路街道_110108001000,116.282009,39.914437,No_SV_ID
1223,万寿路街道_110108001000,116.289138,39.917497,No_SV_ID
1224,万寿路街道_110108001000,116.288572,39.917608,No_SV_ID
1251,万寿路街道_110108001000,116.285653,39.899516,No_SV_ID
1252,万寿路街道_110108001000,116.285786,39.899077,No_SV_ID
1274,万寿路街道_110108001000,116.285806,39.899013,No_SV_ID
1275,万寿路街道_110108001000,116.286389,39.898987,No_SV_ID
1276,万寿路街道_110108001000,116.286973,39.89896,No_SV_ID
1287,万寿路街道_110108001000,116.287153,39.899009,No_SV_ID
1290,万寿路街道_110108001000,116.287392,39.896816,No_SV_ID
1291,万寿路街道_110108001000,116.287389,39.897266,No_SV_ID
1292,万寿路街道_110108001000,116.287386,39.897717,No_SV_ID
1293,万寿路街道_110108001000,116.287383,39.898167,No_SV_ID
1294,万寿路街道_110108001000,116.287233,39.8986,No_SV_ID
1300,万寿路街道_110108001000,116.287454,39.90035,No_SV_ID
1301,万寿路街道_110108001000,116.287452,39.8999,No_SV_ID
1302,万寿路街道_110108001000,116.287373,39.899457,No_SV_ID
1303,万寿路街道_110108001000,116.287166,39.899036,No_SV_ID
1304,万寿路街道_110108001000,116.287153,39.899009,No_SV_ID
1305,万寿路街道_110108001000,116.287737,39.899,No_SV_ID
1306,万寿路街道_110108001000,116.288322,39.899004,No_SV_ID
1307,万寿路街道_110108001000,116.288907,39.899004,No_SV_ID
1308,万寿路街道_110108001000,116.288425,39.895803,No_SV_ID
1309,万寿路街道_110108001000,116.287841,39.89581,No_SV_ID
1320,万寿路街道_110108001000,116.288933,39.911607,No_SV_ID
1324,万寿路街道_110108001000,116.28869,39.903526,No_SV_ID
1325,万寿路街道_110108001000,116.2889,39.903944,No_SV_ID
1326,万寿路街道_110108001000,116.288931,39.904393,No_SV_ID
1327,万寿路街道_110108001000,116.288927,39.904843,No_SV_ID
1330,万寿路街道_110108001000,116.288623,39.902903,No_SV_ID
1331,万寿路街道_110108001000,116.288425,39.895803,No_SV_ID
1332,万寿路街道_110108001000,116.28888,39.896087,No_SV_ID
1337,万寿路街道_110108001000,116.288751,39.905512,No_SV_ID
1342,万寿路街道_110108001000,116.292195,39.910545,No_SV_ID
1343,万寿路街道_110108001000,116.29162,39.91047,No_SV_ID
1349,万寿路街道_110108001000,116.289096,39.899004,No_SV_ID
1350,万寿路街道_110108001000,116.288973,39.898563,No_SV_ID
1351,万寿路街道_110108001000,116.288934,39.898115,No_SV_ID
1352,万寿路街道_110108001000,116.289477,39.89678,No_SV_ID
1353,万寿路街道_110108001000,116.289138,39.897146,No_SV_ID
1354,万寿路街道_110108001000,116.288951,39.89757,No_SV_ID
1355,万寿路街道_110108001000,116.28894,39.897742,No_SV_ID
1356,万寿路街道_110108001000,116.289525,39.897745,No_SV_ID
1363,万寿路街道_110108001000,116.289096,39.899004,No_SV_ID
1368,万寿路街道_110108001000,116.289006,39.911676,No_SV_ID
1369,万寿路街道_110108001000,116.28959,39.911684,No_SV_ID
1370,万寿路街道_110108001000,116.290175,39.911685,No_SV_ID
1371,万寿路街道_110108001000,116.290759,39.911692,No_SV_ID
1372,万寿路街道_110108001000,116.291337,39.911736,No_SV_ID
1373,万寿路街道_110108001000,116.291856,39.911942,No_SV_ID
1374,万寿路街道_110108001000,116.289006,39.911676,No_SV_ID
1375,万寿路街道_110108001000,116.288993,39.912126,No_SV_ID
1379,万寿路街道_110108001000,116.288999,39.913927,No_SV_ID
1380,万寿路街道_110108001000,116.288989,39.914924,No_SV_ID
1381,万寿路街道_110108001000,116.288989,39.914924,No_SV_ID
1382,万寿路街道_110108001000,116.289017,39.914475,No_SV_ID
1390,万寿路街道_110108001000,116.289107,39.91425,No_SV_ID
1391,万寿路街道_110108001000,116.289692,39.91425,No_SV_ID
1392,万寿路街道_110108001000,116.290276,39.914246,No_SV_ID
1393,万寿路街道_110108001000,116.290861,39.914245,No_SV_ID
1397,万寿路街道_110108001000,116.28934,39.896375,No_SV_ID
1398,万寿路街道_110108001000,116.289838,39.895988,No_SV_ID
1399,万寿路街道_110108001000,116.289418,39.8963,No_SV_ID
1401,万寿路街道_110108001000,116.290404,39.915477,No_SV_ID
1402,万寿路街道_110108001000,116.289938,39.915247,No_SV_ID
1403,万寿路街道_110108001000,116.289379,39.915113,No_SV_ID
1404,万寿路街道_110108001000,116.289138,39.917497,No_SV_ID
1405,万寿路街道_110108001000,116.289522,39.896794,No_SV_ID
1406,万寿路街道_110108001000,116.289522,39.896794,No_SV_ID
1407,万寿路街道_110108001000,116.289986,39.897068,No_SV_ID
1408,万寿路街道_110108001000,116.290096,39.896563,No_SV_ID
1409,万寿路街道_110108001000,116.289578,39.896772,No_SV_ID
1411,万寿路街道_110108001000,116.289586,39.916902,No_SV_ID
1427,万寿路街道_110108001000,116.289645,39.917054,No_SV_ID
1432,万寿路街道_110108001000,116.289645,39.917054,No_SV_ID
1433,万寿路街道_110108001000,116.289586,39.916902,No_SV_ID
1434,万寿路街道_110108001000,116.290137,39.916751,No_SV_ID
1435,万寿路街道_110108001000,116.289645,39.917054,No_SV_ID
1436,万寿路街道_110108001000,116.289762,39.917061,No_SV_ID
1437,万寿路街道_110108001000,116.290328,39.916946,No_SV_ID
1438,万寿路街道_110108001000,116.290898,39.916844,No_SV_ID
1445,万寿路街道_110108001000,116.291353,39.90121,No_SV_ID
1446,万寿路街道_110108001000,116.290769,39.901216,No_SV_ID
1468,万寿路街道_110108001000,116.291483,39.912217,No_SV_ID
1469,万寿路街道_110108001000,116.292062,39.912155,No_SV_ID
1470,万寿路街道_110108001000,116.29158,39.912909,No_SV_ID
1471,万寿路街道_110108001000,116.291995,39.912594,No_SV_ID
1490,万寿路街道_110108001000,116.292453,39.912327,No_SV_ID
1493,万寿路街道_110108001000,116.293419,39.896305,No_SV_ID
1495,万寿路街道_110108001000,116.292195,39.910545,No_SV_ID
1498,万寿路街道_110108001000,116.292241,39.911895,No_SV_ID
1499,万寿路街道_110108001000,116.292195,39.910545,No_SV_ID
1500,万寿路街道_110108001000,116.292258,39.91214,No_SV_ID
1501,万寿路街道_110108001000,116.292258,39.91214,No_SV_ID
1505,万寿路街道_110108001000,116.292448,39.906764,No_SV_ID
1516,万寿路街道_110108001000,116.292998,39.909123,No_SV_ID
1517,万寿路街道_110108001000,116.292681,39.9095,No_SV_ID
1518,万寿路街道_110108001000,116.292541,39.909934,No_SV_ID
1519,万寿路街道_110108001000,116.292434,39.910373,No_SV_ID
1520,万寿路街道_110108001000,116.292673,39.912548,No_SV_ID
1521,万寿路街道_110108001000,116.29247,39.912971,No_SV_ID
1538,万寿路街道_110108001000,116.292453,39.912327,No_SV_ID
1553,万寿路街道_110108001000,116.292926,39.909052,No_SV_ID
1554,万寿路街道_110108001000,116.295841,39.907714,No_SV_ID
1555,万寿路街道_110108001000,116.295257,39.907706,No_SV_ID
1556,万寿路街道_110108001000,116.294673,39.907703,No_SV_ID
1557,万寿路街道_110108001000,116.294088,39.907707,No_SV_ID
1560,万寿路街道_110108001000,116.292556,39.912355,No_SV_ID
1561,万寿路街道_110108001000,116.294465,39.911859,No_SV_ID
1562,万寿路街道_110108001000,116.29388,39.911861,No_SV_ID
1563,万寿路街道_110108001000,116.293321,39.911985,No_SV_ID
1564,万寿路街道_110108001000,116.292823,39.91222,No_SV_ID
1565,万寿路街道_110108001000,116.292984,39.91279,No_SV_ID
1567,万寿路街道_110108001000,116.292957,39.91558,No_SV_ID
1572,万寿路街道_110108001000,116.292998,39.909123,No_SV_ID
1573,万寿路街道_110108001000,116.293583,39.909128,No_SV_ID
1574,万寿路街道_110108001000,116.292984,39.91279,No_SV_ID
1575,万寿路街道_110108001000,116.29331,39.912784,No_SV_ID
1576,万寿路街道_110108001000,116.293309,39.913192,No_SV_ID
1577,万寿路街道_110108001000,116.293985,39.912894,No_SV_ID
1578,万寿路街道_110108001000,116.293413,39.912801,No_SV_ID
1579,万寿路街道_110108001000,116.293965,39.912806,No_SV_ID
1580,万寿路街道_110108001000,116.293382,39.912779,No_SV_ID
1581,万寿路街道_110108001000,116.295013,39.913207,No_SV_ID
1582,万寿路街道_110108001000,116.294428,39.913216,No_SV_ID
1583,万寿路街道_110108001000,116.293843,39.913201,No_SV_ID
1584,万寿路街道_110108001000,116.293343,39.913272,No_SV_ID
1585,万寿路街道_110108001000,116.293982,39.913333,No_SV_ID
1586,万寿路街道_110108001000,116.293401,39.913277,No_SV_ID
1587,万寿路街道_110108001000,116.293343,39.913272,No_SV_ID
1588,万寿路街道_110108001000,116.293371,39.913365,No_SV_ID
1589,万寿路街道_110108001000,116.293951,39.913421,No_SV_ID
1590,万寿路街道_110108001000,116.293371,39.913365,No_SV_ID
1591,万寿路街道_110108001000,116.293387,39.913458,No_SV_ID
1604,万寿路街道_110108001000,116.295162,39.896162,No_SV_ID
1605,万寿路街道_110108001000,116.294578,39.896163,No_SV_ID
1606,万寿路街道_110108001000,116.293993,39.896164,No_SV_ID
1607,万寿路街道_110108001000,116.294229,39.909467,No_SV_ID
1608,万寿路街道_110108001000,116.293976,39.909059,No_SV_ID
1612,万寿路街道_110108001000,116.294111,39.909028,No_SV_ID
1618,万寿路街道_110108001000,116.294239,39.90343,No_SV_ID
1623,万寿路街道_110108001000,116.294531,39.913907,No_SV_ID
1627,万寿路街道_110108001000,116.294827,39.913058,No_SV_ID
1628,万寿路街道_110108001000,116.294242,39.913058,No_SV_ID
1629,万寿路街道_110108001000,116.294073,39.913384,No_SV_ID
1630,万寿路街道_110108001000,116.294657,39.913359,No_SV_ID
1640,万寿路街道_110108001000,116.294457,39.912405,No_SV_ID
1641,万寿路街道_110108001000,116.294463,39.911955,No_SV_ID
1642,万寿路街道_110108001000,116.294465,39.911859,No_SV_ID
1645,万寿路街道_110108001000,116.294699,39.911862,No_SV_ID
1646,万寿路街道_110108001000,116.295036,39.906249,No_SV_ID
1648,万寿路街道_110108001000,116.294699,39.911862,No_SV_ID
1649,万寿路街道_110108001000,116.294775,39.914019,No_SV_ID
1652,万寿路街道_110108001000,116.294887,39.913102,No_SV_ID
1653,万寿路街道_110108001000,116.294952,39.913599,No_SV_ID
1654,万寿路街道_110108001000,116.294887,39.913102,No_SV_ID
1655,万寿路街道_110108001000,116.295062,39.913342,No_SV_ID
1656,万寿路街道_110108001000,116.295196,39.906319,No_SV_ID
1657,万寿路街道_110108001000,116.295004,39.913198,No_SV_ID
1658,万寿路街道_110108001000,116.295013,39.913207,No_SV_ID
1659,万寿路街道_110108001000,116.295062,39.913342,No_SV_ID
1660,万寿路街道_110108001000,116.295101,39.913266,No_SV_ID
1663,万寿路街道_110108001000,116.295817,39.906453,No_SV_ID
1664,万寿路街道_110108001000,116.295252,39.906337,No_SV_ID
1665,万寿路街道_110108001000,116.295701,39.913129,No_SV_ID
1676,万寿路街道_110108001000,116.295974,39.912253,No_SV_ID
1677,万寿路街道_110108001000,116.295976,39.912698,No_SV_ID
1680,万寿路街道_110108001000,116.295974,39.910989,No_SV_ID
1681,万寿路街道_110108001000,116.295999,39.91054,No_SV_ID
1682,万寿路街道_110108001000,116.296,39.91009,No_SV_ID
1683,万寿路街道_110108001000,116.296001,39.90964,No_SV_ID
1684,万寿路街道_110108001000,116.295969,39.909191,No_SV_ID
1685,万寿路街道_110108001000,116.295769,39.913067,No_SV_ID
1686,万寿路街道_110108001000,116.295817,39.906453,No_SV_ID
1687,万寿路街道_110108001000,116.296008,39.906874,No_SV_ID
1688,万寿路街道_110108001000,116.296005,39.907324,No_SV_ID
1691,万寿路街道_110108001000,116.295982,39.908036,No_SV_ID
1700,万寿路街道_110108001000,116.232115,39.917263,No_SV_ID
1701,万寿路街道_110108001000,116.231577,39.917292,No_SV_ID
1702,万寿路街道_110108001000,116.23169,39.917734,No_SV_ID
1703,万寿路街道_110108001000,116.231803,39.918175,No_SV_ID
1704,万寿路街道_110108001000,116.231918,39.918617,No_SV_ID
1705,万寿路街道_110108001000,116.232265,39.918936,No_SV_ID
1709,万寿路街道_110108001000,116.234234,39.919909,No_SV_ID
1719,万寿路街道_110108001000,116.239796,39.919856,No_SV_ID
1720,万寿路街道_110108001000,116.240352,39.919714,No_SV_ID
1721,万寿路街道_110108001000,116.240752,39.919511,No_SV_ID
1722,万寿路街道_110108001000,116.24058,39.91908,No_SV_ID
1723,万寿路街道_110108001000,116.240408,39.91865,No_SV_ID
1729,万寿路街道_110108001000,116.238328,39.917452,No_SV_ID
1730,万寿路街道_110108001000,116.237743,39.917453,No_SV_ID
1731,万寿路街道_110108001000,116.237158,39.917454,No_SV_ID
1732,万寿路街道_110108001000,116.236752,39.917314,No_SV_ID
1733,万寿路街道_110108001000,116.249677,39.913703,No_SV_ID
1734,万寿路街道_110108001000,116.249092,39.913703,No_SV_ID
1735,万寿路街道_110108001000,116.248507,39.913704,No_SV_ID
1736,万寿路街道_110108001000,116.247922,39.913704,No_SV_ID
1746,万寿路街道_110108001000,116.248221,39.916459,No_SV_ID
1747,万寿路街道_110108001000,116.248806,39.916456,No_SV_ID
1751,万寿路街道_110108001000,116.251146,39.916441,No_SV_ID
1752,万寿路街道_110108001000,116.251731,39.916436,No_SV_ID
1753,万寿路街道_110108001000,116.252316,39.91643,No_SV_ID
1754,万寿路街道_110108001000,116.252901,39.916424,No_SV_ID
1755,万寿路街道_110108001000,116.253081,39.916111,No_SV_ID
1756,万寿路街道_110108001000,116.253077,39.91566,No_SV_ID
1757,万寿路街道_110108001000,116.253072,39.91521,No_SV_ID
1758,万寿路街道_110108001000,116.253068,39.91476,No_SV_ID
1759,万寿路街道_110108001000,116.253077,39.914309,No_SV_ID
1760,万寿路街道_110108001000,116.253088,39.913859,No_SV_ID
1761,万寿路街道_110108001000,116.252683,39.913718,No_SV_ID
1762,万寿路街道_110108001000,116.252098,39.913711,No_SV_ID
1763,万寿路街道_110108001000,116.251938,39.914039,No_SV_ID
1764,万寿路街道_110108001000,116.251935,39.914489,No_SV_ID
1765,万寿路街道_110108001000,116.251684,39.914747,No_SV_ID
1766,万寿路街道_110108001000,116.251099,39.914746,No_SV_ID
1767,万寿路街道_110108001000,116.250514,39.914744,No_SV_ID
1768,万寿路街道_110108001000,116.249929,39.914742,No_SV_ID
1769,万寿路街道_110108001000,116.249671,39.914491,No_SV_ID
1770,万寿路街道_110108001000,116.249675,39.914041,No_SV_ID
1781,万寿路街道_110108001000,116.258645,39.910068,No_SV_ID
1782,万寿路街道_110108001000,116.259076,39.909952,No_SV_ID
1783,万寿路街道_110108001000,116.259661,39.909953,No_SV_ID
1784,万寿路街道_110108001000,116.260246,39.909955,No_SV_ID
1791,万寿路街道_110108001000,116.261023,39.908901,No_SV_ID
1792,万寿路街道_110108001000,116.260438,39.9089,No_SV_ID
1793,万寿路街道_110108001000,116.259853,39.908899,No_SV_ID
1794,万寿路街道_110108001000,116.259268,39.908898,No_SV_ID
1795,万寿路街道_110108001000,116.258684,39.908897,No_SV_ID
1796,万寿路街道_110108001000,116.258427,39.909158,No_SV_ID
1797,万寿路街道_110108001000,116.257842,39.909158,No_SV_ID
1798,万寿路街道_110108001000,116.257257,39.909158,No_SV_ID
1799,万寿路街道_110108001000,116.256672,39.909157,No_SV_ID
1800,万寿路街道_110108001000,116.256366,39.909371,No_SV_ID
1803,万寿路街道_110108001000,116.259536,39.895162,No_SV_ID
1804,万寿路街道_110108001000,116.258963,39.89525,No_SV_ID
1808,万寿路街道_110108001000,116.256636,39.895383,No_SV_ID
1809,万寿路街道_110108001000,116.256051,39.895384,No_SV_ID
1816,万寿路街道_110108001000,116.252739,39.895805,No_SV_ID
1818,万寿路街道_110108001000,116.253622,39.896064,No_SV_ID
1819,万寿路街道_110108001000,116.253037,39.896065,No_SV_ID
1820,万寿路街道_110108001000,116.252452,39.896067,No_SV_ID
1821,万寿路街道_110108001000,116.251867,39.896069,No_SV_ID
1822,万寿路街道_110108001000,116.251282,39.896071,No_SV_ID
1823,万寿路街道_110108001000,116.250858,39.89595,No_SV_ID
1824,万寿路街道_110108001000,116.25042,39.896064,No_SV_ID
1825,万寿路街道_110108001000,116.249835,39.896058,No_SV_ID
1826,万寿路街道_110108001000,116.249251,39.896051,No_SV_ID
1827,万寿路街道_110108001000,116.248666,39.896045,No_SV_ID
1828,万寿路街道_110108001000,116.248081,39.896038,No_SV_ID
1829,万寿路街道_110108001000,116.247496,39.896032,No_SV_ID
1830,万寿路街道_110108001000,116.246968,39.896072,No_SV_ID
1831,万寿路街道_110108001000,116.246967,39.896523,No_SV_ID
1832,万寿路街道_110108001000,116.246965,39.896973,No_SV_ID
1836,万寿路街道_110108001000,116.24696,39.898775,No_SV_ID
1837,万寿路街道_110108001000,116.246958,39.899225,No_SV_ID
1838,万寿路街道_110108001000,116.246957,39.899676,No_SV_ID
1839,万寿路街道_110108001000,116.246956,39.900126,No_SV_ID
1848,万寿路街道_110108001000,116.246947,39.90418,No_SV_ID
1849,万寿路街道_110108001000,116.246947,39.904631,No_SV_ID
1850,万寿路街道_110108001000,116.246946,39.905081,No_SV_ID
1851,万寿路街道_110108001000,116.246946,39.905532,No_SV_ID
1852,万寿路街道_110108001000,116.246946,39.905982,No_SV_ID
1856,万寿路街道_110108001000,116.246945,39.907784,No_SV_ID
1857,万寿路街道_110108001000,116.246945,39.908235,No_SV_ID
1858,万寿路街道_110108001000,116.246945,39.908685,No_SV_ID
1859,万寿路街道_110108001000,116.246944,39.909135,No_SV_ID
1860,万寿路街道_110108001000,116.246944,39.909586,No_SV_ID
1868,万寿路街道_110108001000,116.249082,39.911543,No_SV_ID
1869,万寿路街道_110108001000,116.249667,39.911541,No_SV_ID
1870,万寿路街道_110108001000,116.250252,39.91154,No_SV_ID
1871,万寿路街道_110108001000,116.250837,39.911539,No_SV_ID
1872,万寿路街道_110108001000,116.251422,39.911536,No_SV_ID
1873,万寿路街道_110108001000,116.252007,39.911531,No_SV_ID
1874,万寿路街道_110108001000,116.252592,39.911525,No_SV_ID
1875,万寿路街道_110108001000,116.253177,39.91152,No_SV_ID
1876,万寿路街道_110108001000,116.253762,39.911514,No_SV_ID
1877,万寿路街道_110108001000,116.253786,39.911088,No_SV_ID
1878,万寿路街道_110108001000,116.253778,39.910638,No_SV_ID
1879,万寿路街道_110108001000,116.254159,39.910477,No_SV_ID
1884,万寿路街道_110108001000,116.254164,39.908236,No_SV_ID
1891,万寿路街道_110108001000,116.256101,39.906569,No_SV_ID
1902,万寿路街道_110108001000,116.260945,39.90778,No_SV_ID
1903,万寿路街道_110108001000,116.261293,39.907961,No_SV_ID
1912,万寿路街道_110108001000,116.264719,39.906543,No_SV_ID
1914,万寿路街道_110108001000,116.265277,39.907004,No_SV_ID
1915,万寿路街道_110108001000,116.265259,39.907454,No_SV_ID
1916,万寿路街道_110108001000,116.265826,39.907471,No_SV_ID
1917,万寿路街道_110108001000,116.266045,39.907184,No_SV_ID
1918,万寿路街道_110108001000,116.266435,39.907038,No_SV_ID
1919,万寿路街道_110108001000,116.266493,39.907441,No_SV_ID
1920,万寿路街道_110108001000,116.266768,39.907821,No_SV_ID
1921,万寿路街道_110108001000,116.267044,39.908219,No_SV_ID
1922,万寿路街道_110108001000,116.267311,39.908619,No_SV_ID
1931,万寿路街道_110108001000,116.26641,39.911788,No_SV_ID
1932,万寿路街道_110108001000,116.266412,39.912238,No_SV_ID
1933,万寿路街道_110108001000,116.266414,39.912689,No_SV_ID
1934,万寿路街道_110108001000,116.26682,39.912826,No_SV_ID
1935,万寿路街道_110108001000,116.267322,39.912758,No_SV_ID
1936,万寿路街道_110108001000,116.267632,39.912972,No_SV_ID
1937,万寿路街道_110108001000,116.268169,39.91304,No_SV_ID
1938,万寿路街道_110108001000,116.268346,39.913396,No_SV_ID
1943,万寿路街道_110108001000,116.268754,39.915623,No_SV_ID
1944,万寿路街道_110108001000,116.268812,39.916071,No_SV_ID
1945,万寿路街道_110108001000,116.26887,39.91652,No_SV_ID
1946,万寿路街道_110108001000,116.26893,39.916968,No_SV_ID
1947,万寿路街道_110108001000,116.268977,39.917417,No_SV_ID
1961,万寿路街道_110108001000,116.275341,39.918701,No_SV_ID
1962,万寿路街道_110108001000,116.275925,39.918681,No_SV_ID
1970,万寿路街道_110108001000,116.280598,39.918524,No_SV_ID
1971,万寿路街道_110108001000,116.281183,39.918504,No_SV_ID
1972,万寿路街道_110108001000,116.281767,39.918484,No_SV_ID
1973,万寿路街道_110108001000,116.282351,39.918464,No_SV_ID
1974,万寿路街道_110108001000,116.282936,39.918444,No_SV_ID
1975,万寿路街道_110108001000,116.28352,39.918424,No_SV_ID
1976,万寿路街道_110108001000,116.284105,39.918404,No_SV_ID
1977,万寿路街道_110108001000,116.284689,39.918384,No_SV_ID
1985,万寿路街道_110108001000,116.289296,39.917762,No_SV_ID
1986,万寿路街道_110108001000,116.289871,39.917681,No_SV_ID
1987,万寿路街道_110108001000,116.289813,39.917316,No_SV_ID
1988,万寿路街道_110108001000,116.290307,39.917137,No_SV_ID
1989,万寿路街道_110108001000,116.290812,39.916911,No_SV_ID
1994,万寿路街道_110108001000,116.293316,39.915748,No_SV_ID
1995,万寿路街道_110108001000,116.293817,39.915515,No_SV_ID
1996,万寿路街道_110108001000,116.294318,39.915282,No_SV_ID
2003,万寿路街道_110108001000,116.296061,39.91272,No_SV_ID
2004,万寿路街道_110108001000,116.29606,39.91227,No_SV_ID
2007,万寿路街道_110108001000,116.296053,39.910918,No_SV_ID
2008,万寿路街道_110108001000,116.296049,39.910468,No_SV_ID
2009,万寿路街道_110108001000,116.296044,39.910017,No_SV_ID
2010,万寿路街道_110108001000,116.296041,39.909567,No_SV_ID
2014,万寿路街道_110108001000,116.296044,39.907765,No_SV_ID
2015,万寿路街道_110108001000,116.296046,39.907315,No_SV_ID
2016,万寿路街道_110108001000,116.296049,39.906864,No_SV_ID
2017,万寿路街道_110108001000,116.296051,39.906414,No_SV_ID
2018,万寿路街道_110108001000,116.296054,39.905963,No_SV_ID
2023,万寿路街道_110108001000,116.296057,39.903711,No_SV_ID
2042,万寿路街道_110108001000,116.295032,39.895948,No_SV_ID
2043,万寿路街道_110108001000,116.294447,39.89595,No_SV_ID
2044,万寿路街道_110108001000,116.293862,39.895952,No_SV_ID
2045,万寿路街道_110108001000,116.293277,39.895954,No_SV_ID
2046,万寿路街道_110108001000,116.292693,39.895956,No_SV_ID
2047,万寿路街道_110108001000,116.292108,39.895958,No_SV_ID
2048,万寿路街道_110108001000,116.291523,39.89596,No_SV_ID
2049,万寿路街道_110108001000,116.290938,39.895962,No_SV_ID
2050,万寿路街道_110108001000,116.290353,39.895964,No_SV_ID
2051,万寿路街道_110108001000,116.289769,39.895966,No_SV_ID
2052,万寿路街道_110108001000,116.289184,39.895968,No_SV_ID
2053,万寿路街道_110108001000,116.288762,39.895854,No_SV_ID
2054,万寿路街道_110108001000,116.288769,39.895404,No_SV_ID
2055,万寿路街道_110108001000,116.288408,39.895278,No_SV_ID
2059,万寿路街道_110108001000,116.28608,39.895395,No_SV_ID
2066,万寿路街道_110108001000,116.281986,39.895391,No_SV_ID
2067,万寿路街道_110108001000,116.281401,39.895389,No_SV_ID
2068,万寿路街道_110108001000,116.280816,39.89539,No_SV_ID
2069,万寿路街道_110108001000,116.280231,39.895392,No_SV_ID
2070,万寿路街道_110108001000,116.279646,39.895394,No_SV_ID
2071,万寿路街道_110108001000,116.279062,39.895395,No_SV_ID
2072,万寿路街道_110108001000,116.278477,39.895395,No_SV_ID
2073,万寿路街道_110108001000,116.277892,39.895396,No_SV_ID
2074,万寿路街道_110108001000,116.277307,39.895397,No_SV_ID
2075,万寿路街道_110108001000,116.276723,39.895396,No_SV_ID
2076,万寿路街道_110108001000,116.276138,39.895395,No_SV_ID
2077,万寿路街道_110108001000,116.275553,39.895394,No_SV_ID
2078,万寿路街道_110108001000,116.274968,39.895393,No_SV_ID
