ID,Area,Longitude,Latitude
0,东华门街道_110101001000,116.386007,39.910566
1,东华门街道_110101001000,116.386534,39.910758
2,东华门街道_110101001000,116.38618,39.9209
3,东华门街道_110101001000,116.386745,39.920798
4,东华门街道_110101001000,116.387247,39.92057
5,东华门街道_110101001000,116.387308,39.912231
6,东华门街道_110101001000,116.386738,39.912132
7,东华门街道_110101001000,116.387293,39.911184
8,东华门街道_110101001000,116.386974,39.911552
9,东华门街道_110101001000,116.387293,39.911184
10,东华门街道_110101001000,116.386998,39.91081
11,东华门街道_110101001000,116.387198,39.910389
12,东华门街道_110101001000,116.387175,39.909941
13,东华门街道_110101001000,116.38702,39.909648
14,东华门街道_110101001000,116.387095,39.90849
15,东华门街道_110101001000,116.386962,39.908926
16,东华门街道_110101001000,116.387014,39.915626
17,东华门街道_110101001000,116.386973,39.915176
18,东华门街道_110101001000,116.386977,39.914726
19,东华门街道_110101001000,116.387014,39.915626
20,东华门街道_110101001000,116.387329,39.916003
21,东华门街道_110101001000,116.387729,39.916332
22,东华门街道_110101001000,116.38925,39.908442
23,东华门街道_110101001000,116.388666,39.908427
24,东华门街道_110101001000,116.388082,39.908415
25,东华门街道_110101001000,116.387498,39.908413
26,东华门街道_110101001000,116.387308,39.912231
27,东华门街道_110101001000,116.387276,39.91268
28,东华门街道_110101001000,116.387293,39.911184
29,东华门街道_110101001000,116.387766,39.911449
30,东华门街道_110101001000,116.387345,39.920509
31,东华门街道_110101001000,116.387278,39.920062
32,东华门街道_110101001000,116.387292,39.919492
33,东华门街道_110101001000,116.387308,39.912231
34,东华门街道_110101001000,116.387767,39.911952
35,东华门街道_110101001000,116.387292,39.919492
36,东华门街道_110101001000,116.387862,39.919595
37,东华门街道_110101001000,116.387312,39.919129
38,东华门街道_110101001000,116.387617,39.91649
39,东华门街道_110101001000,116.387219,39.916819
40,东华门街道_110101001000,116.38694,39.917213
41,东华门街道_110101001000,116.386851,39.917656
42,东华门街道_110101001000,116.38683,39.918106
43,东华门街道_110101001000,116.386884,39.918551
44,东华门街道_110101001000,116.387139,39.918955
45,东华门街道_110101001000,116.388006,39.918603
46,东华门街道_110101001000,116.387596,39.918924
47,东华门街道_110101001000,116.387345,39.920509
48,东华门街道_110101001000,116.387877,39.920694
49,东华门街道_110101001000,116.388454,39.920762
50,东华门街道_110101001000,116.389034,39.920725
51,东华门街道_110101001000,116.387617,39.91649
52,东华门街道_110101001000,116.388375,39.91639
53,东华门街道_110101001000,116.388006,39.918603
54,东华门街道_110101001000,116.388573,39.918494
55,东华门街道_110101001000,116.389373,39.911781
56,东华门街道_110101001000,116.388792,39.911734
57,东华门街道_110101001000,116.388208,39.911714
58,东华门街道_110101001000,116.388375,39.91639
59,东华门街道_110101001000,116.390094,39.915381
60,东华门街道_110101001000,116.389579,39.915594
61,东华门街道_110101001000,116.389107,39.915857
62,东华门街道_110101001000,116.388681,39.916166
63,东华门街道_110101001000,116.388415,39.91465
64,东华门街道_110101001000,116.388988,39.914573
65,东华门街道_110101001000,116.388489,39.916486
66,东华门街道_110101001000,116.389009,39.916693
67,东华门街道_110101001000,116.388737,39.917057
68,东华门街道_110101001000,116.388551,39.91663
69,东华门街道_110101001000,116.388737,39.917057
70,东华门街道_110101001000,116.388737,39.917057
71,东华门街道_110101001000,116.388871,39.917496
72,东华门街道_110101001000,116.388848,39.918441
73,东华门街道_110101001000,116.388918,39.917643
74,东华门街道_110101001000,116.3889,39.918093
75,东华门街道_110101001000,116.388956,39.909767
76,东华门街道_110101001000,116.389492,39.909848
77,东华门街道_110101001000,116.388918,39.917643
78,东华门街道_110101001000,116.389483,39.917527
79,东华门街道_110101001000,116.389236,39.914347
80,东华门街道_110101001000,116.389116,39.913907
81,东华门街道_110101001000,116.389109,39.920711
82,东华门街道_110101001000,116.389679,39.920803
83,东华门街道_110101001000,116.389109,39.920711
84,东华门街道_110101001000,116.389152,39.920261
85,东华门街道_110101001000,116.38923,39.919817
86,东华门街道_110101001000,116.389532,39.919434
87,东华门街道_110101001000,116.389547,39.91942
88,东华门街道_110101001000,116.389295,39.919016
89,东华门街道_110101001000,116.38925,39.908442
90,东华门街道_110101001000,116.389813,39.908557
91,东华门街道_110101001000,116.389197,39.916786
92,东华门街道_110101001000,116.389603,39.91711
93,东华门街道_110101001000,116.389258,39.91449
94,东华门街道_110101001000,116.389258,39.91449
95,东华门街道_110101001000,116.389483,39.911934
96,东华门街道_110101001000,116.389604,39.911562
97,东华门街道_110101001000,116.390275,39.90571
98,东华门街道_110101001000,116.389697,39.90578
99,东华门街道_110101001000,116.38942,39.914567
100,东华门街道_110101001000,116.389483,39.911934
101,东华门街道_110101001000,116.389497,39.912384
102,东华门街道_110101001000,116.389489,39.912834
103,东华门街道_110101001000,116.389856,39.910402
104,东华门街道_110101001000,116.38983,39.910852
105,东华门街道_110101001000,116.389701,39.911291
106,东华门街道_110101001000,116.389604,39.911562
107,东华门街道_110101001000,116.390163,39.911428
108,东华门街道_110101001000,116.390722,39.911294
109,东华门街道_110101001000,116.389655,39.906353
110,东华门街道_110101001000,116.390201,39.906192
111,东华门街道_110101001000,116.389727,39.898896
112,东华门街道_110101001000,116.390159,39.899188
113,东华门街道_110101001000,116.389749,39.9099
114,东华门街道_110101001000,116.390848,39.908935
115,东华门街道_110101001000,116.39041,39.909233
116,东华门街道_110101001000,116.390061,39.909593
117,东华门街道_110101001000,116.389775,39.909949
118,东华门街道_110101001000,116.39036,39.909967
119,东华门街道_110101001000,116.389814,39.91004
120,东华门街道_110101001000,116.389716,39.920804
121,东华门街道_110101001000,116.389768,39.920149
122,东华门街道_110101001000,116.389732,39.920599
123,东华门街道_110101001000,116.389814,39.91004
124,东华门街道_110101001000,116.390399,39.910058
125,东华门街道_110101001000,116.389841,39.910131
126,东华门街道_110101001000,116.389841,39.910131
127,东华门街道_110101001000,116.390426,39.910149
128,东华门街道_110101001000,116.389857,39.910222
129,东华门街道_110101001000,116.389857,39.910222
130,东华门街道_110101001000,116.389857,39.910222
131,东华门街道_110101001000,116.389856,39.910402
132,东华门街道_110101001000,116.391263,39.921217
133,东华门街道_110101001000,116.390769,39.920978
134,东华门街道_110101001000,116.390214,39.920841
135,东华门街道_110101001000,116.389847,39.920809
136,东华门街道_110101001000,116.38987,39.920359
137,东华门街道_110101001000,116.390006,39.903211
138,东华门街道_110101001000,116.390032,39.90366
139,东华门街道_110101001000,116.390006,39.903211
140,东华门街道_110101001000,116.390021,39.902763
141,东华门街道_110101001000,116.39003,39.902727
142,东华门街道_110101001000,116.38983,39.902306
143,东华门街道_110101001000,116.389829,39.901858
144,东华门街道_110101001000,116.390008,39.901431
145,东华门街道_110101001000,116.393046,39.902879
146,东华门街道_110101001000,116.392505,39.902709
147,东华门街道_110101001000,116.391955,39.902559
148,东华门街道_110101001000,116.391372,39.902533
149,东华门街道_110101001000,116.390789,39.902543
150,东华门街道_110101001000,116.39023,39.902674
151,东华门街道_110101001000,116.389929,39.914676
152,东华门街道_110101001000,116.390098,39.915106
153,东华门街道_110101001000,116.389929,39.914676
154,东华门街道_110101001000,116.390996,39.906207
155,东华门街道_110101001000,116.390617,39.90655
156,东华门街道_110101001000,116.390238,39.906893
157,东华门街道_110101001000,116.392838,39.903898
158,东华门街道_110101001000,116.392253,39.90389
159,东华门街道_110101001000,116.391669,39.90388
160,东华门街道_110101001000,116.391085,39.903862
161,东华门街道_110101001000,116.3905,39.903847
162,东华门街道_110101001000,116.390275,39.90571
163,东华门街道_110101001000,116.390047,39.905296
164,东华门街道_110101001000,116.38994,39.904854
165,东华门街道_110101001000,116.389951,39.904404
166,东华门街道_110101001000,116.39003,39.903959
167,东华门街道_110101001000,116.393021,39.916894
168,东华门街道_110101001000,116.392517,39.917121
169,东华门街道_110101001000,116.391976,39.917288
170,东华门街道_110101001000,116.391448,39.917479
171,东华门街道_110101001000,116.390864,39.917467
172,东华门街道_110101001000,116.39028,39.917454
173,东华门街道_110101001000,116.390195,39.901195
174,东华门街道_110101001000,116.390626,39.9015
175,东华门街道_110101001000,116.390195,39.901195
176,东华门街道_110101001000,116.390229,39.898762
177,东华门街道_110101001000,116.390437,39.899182
178,东华门街道_110101001000,116.390243,39.900978
179,东华门街道_110101001000,116.390334,39.900534
180,东华门街道_110101001000,116.390557,39.900118
181,东华门街道_110101001000,116.390877,39.899742
182,东华门街道_110101001000,116.391471,39.914567
183,东华门街道_110101001000,116.390903,39.914474
184,东华门街道_110101001000,116.390323,39.914508
185,东华门街道_110101001000,116.390636,39.90606
186,东华门街道_110101001000,116.390267,39.908604
187,东华门街道_110101001000,116.390738,39.908871
188,东华门街道_110101001000,116.390506,39.899334
189,东华门街道_110101001000,116.390898,39.899668
190,东华门街道_110101001000,116.39048,39.910435
191,东华门街道_110101001000,116.391065,39.910449
192,东华门街道_110101001000,116.390485,39.910345
193,东华门街道_110101001000,116.39107,39.910359
194,东华门街道_110101001000,116.39049,39.910255
195,东华门街道_110101001000,116.391074,39.910269
196,东华门街道_110101001000,116.390494,39.910165
197,东华门街道_110101001000,116.391079,39.910179
198,东华门街道_110101001000,116.391429,39.910097
199,东华门街道_110101001000,116.390845,39.910083
200,东华门街道_110101001000,116.391499,39.910009
201,东华门街道_110101001000,116.390914,39.909995
202,东华门街道_110101001000,116.391577,39.909921
203,东华门街道_110101001000,116.390993,39.909907
204,东华门街道_110101001000,116.390636,39.90606
205,东华门街道_110101001000,116.390638,39.90717
206,东华门街道_110101001000,116.390861,39.906753
207,东华门街道_110101001000,116.391103,39.906343
208,东华门街道_110101001000,116.391263,39.921217
209,东华门街道_110101001000,116.390862,39.921545
210,东华门街道_110101001000,116.390928,39.899692
211,东华门街道_110101001000,116.391512,39.899674
212,东华门街道_110101001000,116.392095,39.899703
213,东华门街道_110101001000,116.390849,39.908935
214,东华门街道_110101001000,116.391347,39.909172
215,东华门街道_110101001000,116.391254,39.906255
216,东华门街道_110101001000,116.391222,39.906705
217,东华门街道_110101001000,116.391208,39.907155
218,东华门街道_110101001000,116.391193,39.907605
219,东华门街道_110101001000,116.391175,39.908055
220,东华门街道_110101001000,116.391032,39.908491
221,东华门街道_110101001000,116.390855,39.90892
222,东华门街道_110101001000,116.390996,39.906207
223,东华门街道_110101001000,116.391045,39.911196
224,东华门街道_110101001000,116.391164,39.906241
225,东华门街道_110101001000,116.391605,39.90623
226,东华门街道_110101001000,116.391238,39.911078
227,东华门街道_110101001000,116.391736,39.911313
228,东华门街道_110101001000,116.391245,39.910453
229,东华门街道_110101001000,116.391211,39.910901
230,东华门街道_110101001000,116.391277,39.910364
231,东华门街道_110101001000,116.391277,39.910364
232,东华门街道_110101001000,116.391369,39.910186
233,东华门街道_110101001000,116.391713,39.921267
234,东华门街道_110101001000,116.391429,39.910097
235,东华门街道_110101001000,116.391429,39.910097
236,东华门街道_110101001000,116.391577,39.909921
237,东华门街道_110101001000,116.391471,39.914567
238,东华门街道_110101001000,116.391471,39.914567
239,东华门街道_110101001000,116.391982,39.914351
240,东华门街道_110101001000,116.391567,39.909276
241,东华门街道_110101001000,116.391665,39.909719
242,东华门街道_110101001000,116.391567,39.909276
243,东华门街道_110101001000,116.391999,39.908973
244,东华门街道_110101001000,116.391713,39.921267
245,东华门街道_110101001000,116.391551,39.9217
246,东华门街道_110101001000,116.391605,39.90623
247,东华门街道_110101001000,116.391736,39.906669
248,东华门街道_110101001000,116.391868,39.907108
249,东华门街道_110101001000,116.391605,39.90623
250,东华门街道_110101001000,116.391669,39.909829
251,东华门街道_110101001000,116.391589,39.914934
252,东华门街道_110101001000,116.39262,39.915527
253,东华门街道_110101001000,116.392045,39.915444
254,东华门街道_110101001000,116.391669,39.909829
255,东华门街道_110101001000,116.392093,39.910139
256,东华门街道_110101001000,116.391685,39.912721
257,东华门街道_110101001000,116.392007,39.912346
258,东华门街道_110101001000,116.392375,39.911997
259,东华门街道_110101001000,116.392637,39.921111
260,东华门街道_110101001000,116.392074,39.921233
261,东华门街道_110101001000,116.393301,39.90872
262,东华门街道_110101001000,116.392717,39.908716
263,东华门街道_110101001000,116.39217,39.90887
264,东华门街道_110101001000,116.392674,39.920151
265,东华门街道_110101001000,116.392095,39.920088
266,东华门街道_110101001000,116.392152,39.906156
267,东华门街道_110101001000,116.392235,39.906602
268,东华门街道_110101001000,116.392317,39.907048
269,东华门街道_110101001000,116.392152,39.906156
270,东华门街道_110101001000,116.392721,39.90605
271,东华门街道_110101001000,116.392692,39.919526
272,东华门街道_110101001000,116.392116,39.919604
273,东华门街道_110101001000,116.392706,39.919181
274,东华门街道_110101001000,116.39228,39.918873
275,东华门街道_110101001000,116.393335,39.901096
276,东华门街道_110101001000,116.392817,39.901305
277,东华门街道_110101001000,116.392345,39.90157
278,东华门街道_110101001000,116.392637,39.911809
279,东华门街道_110101001000,116.392331,39.903218
280,东华门街道_110101001000,116.392903,39.90331
281,东华门街道_110101001000,116.392477,39.913643
282,东华门街道_110101001000,116.392374,39.914084
283,东华门街道_110101001000,116.392561,39.899775
284,东华门街道_110101001000,116.393347,39.899397
285,东华门街道_110101001000,116.392838,39.899617
286,东华门街道_110101001000,116.392477,39.913643
287,东华门街道_110101001000,116.393052,39.913559
288,东华门街道_110101001000,116.393635,39.913573
289,东华门街道_110101001000,116.392637,39.911809
290,东华门街道_110101001000,116.393222,39.911826
291,东华门街道_110101001000,116.393062,39.916136
292,东华门街道_110101001000,116.392756,39.915754
293,东华门街道_110101001000,116.392814,39.900185
294,东华门街道_110101001000,116.393046,39.900599
295,东华门街道_110101001000,116.393283,39.901011
296,东华门街道_110101001000,116.394172,39.900118
297,东华门街道_110101001000,116.393588,39.900147
298,东华门街道_110101001000,116.393005,39.900176
299,东华门街道_110101001000,116.392637,39.921111
300,东华门街道_110101001000,116.393183,39.921271
301,东华门街道_110101001000,116.393739,39.92141
302,东华门街道_110101001000,116.392637,39.921111
303,东华门街道_110101001000,116.392654,39.920661
304,东华门街道_110101001000,116.392671,39.920211
305,东华门街道_110101001000,116.392692,39.919526
306,东华门街道_110101001000,116.392707,39.919976
307,东华门街道_110101001000,116.392692,39.919526
308,东华门街道_110101001000,116.393154,39.905039
309,东华门街道_110101001000,116.392985,39.904608
310,东华门街道_110101001000,116.392893,39.904163
311,东华门街道_110101001000,116.392955,39.903318
312,东华门街道_110101001000,116.392885,39.903764
313,东华门街道_110101001000,116.39282,39.919068
314,东华门街道_110101001000,116.392955,39.903318
315,东华门街道_110101001000,116.393294,39.917206
316,东华门街道_110101001000,116.393426,39.917642
317,东华门街道_110101001000,116.393405,39.918092
318,东华门街道_110101001000,116.393296,39.918531
319,东华门街道_110101001000,116.392997,39.918917
320,东华门街道_110101001000,116.393046,39.902879
321,东华门街道_110101001000,116.393046,39.902879
322,东华门街道_110101001000,116.393258,39.90246
323,东华门街道_110101001000,116.39343,39.90203
324,东华门街道_110101001000,116.393602,39.901599
325,东华门街道_110101001000,116.393709,39.903135
326,东华门街道_110101001000,116.393148,39.90301
327,东华门街道_110101001000,116.393021,39.916894
328,东华门街道_110101001000,116.393056,39.916708
329,东华门街道_110101001000,116.393043,39.916517
330,东华门街道_110101001000,116.393043,39.916517
331,东华门街道_110101001000,116.393195,39.905996
332,东华门街道_110101001000,116.393141,39.905971
333,东华门街道_110101001000,116.393151,39.905521
334,东华门街道_110101001000,116.393154,39.90507
335,东华门街道_110101001000,116.394058,39.904597
336,东华门街道_110101001000,116.393571,39.904845
337,东华门街道_110101001000,116.393504,39.915897
338,东华门街道_110101001000,116.393558,39.907116
339,东华门街道_110101001000,116.393228,39.907488
340,东华门街道_110101001000,116.393195,39.905996
341,东华门街道_110101001000,116.393336,39.906433
342,东华门街道_110101001000,116.393478,39.90687
343,东华门街道_110101001000,116.395898,39.906039
344,东华门街道_110101001000,116.395318,39.905988
345,东华门街道_110101001000,116.394733,39.905974
346,东华门街道_110101001000,116.394148,39.905982
347,东华门街道_110101001000,116.393563,39.905991
348,东华门街道_110101001000,116.394881,39.8994
349,东华门街道_110101001000,116.394317,39.899287
350,东华门街道_110101001000,116.393735,39.899309
351,东华门街道_110101001000,116.393335,39.901096
352,东华门街道_110101001000,116.393301,39.908719
353,东华门街道_110101001000,116.393885,39.908736
354,东华门街道_110101001000,116.39447,39.908755
355,东华门街道_110101001000,116.394509,39.911856
356,东华门街道_110101001000,116.393925,39.911847
357,东华门街道_110101001000,116.39359,39.901253
358,东华门街道_110101001000,116.395209,39.900353
359,东华门街道_110101001000,116.394749,39.900631
360,东华门街道_110101001000,116.394273,39.900892
361,东华门街道_110101001000,116.393795,39.901153
362,东华门街道_110101001000,116.393558,39.907116
363,东华门街道_110101001000,116.394003,39.907407
364,东华门街道_110101001000,116.39454,39.907577
365,东华门街道_110101001000,116.39506,39.915875
366,东华门街道_110101001000,116.394487,39.915788
367,东华门街道_110101001000,116.39391,39.915826
368,东华门街道_110101001000,116.396217,39.902143
369,东华门街道_110101001000,116.395633,39.902116
370,东华门街道_110101001000,116.39505,39.902088
371,东华门街道_110101001000,116.39451,39.901924
372,东华门街道_110101001000,116.394044,39.901653
373,东华门街道_110101001000,116.393853,39.921441
374,东华门街道_110101001000,116.393662,39.921867
375,东华门街道_110101001000,116.394169,39.913771
376,东华门街道_110101001000,116.395809,39.922103
377,东华门街道_110101001000,116.395225,39.922087
378,东华门街道_110101001000,116.394672,39.921945
379,东华门街道_110101001000,116.394191,39.921691
380,东华门街道_110101001000,116.393859,39.921441
381,东华门街道_110101001000,116.394319,39.921164
382,东华门街道_110101001000,116.394177,39.913781
383,东华门街道_110101001000,116.394177,39.913781
384,东华门街道_110101001000,116.394177,39.913781
385,东华门街道_110101001000,116.394724,39.913622
386,东华门街道_110101001000,116.394356,39.914089
387,东华门街道_110101001000,116.394939,39.914122
388,东华门街道_110101001000,116.394555,39.900058
389,东华门街道_110101001000,116.39514,39.90006
390,东华门街道_110101001000,116.395397,39.912475
391,东华门街道_110101001000,116.39495,39.912185
392,东华门街道_110101001000,116.394529,39.911873
393,东华门街道_110101001000,116.394995,39.911464
394,东华门街道_110101001000,116.394591,39.91179
395,东华门街道_110101001000,116.395427,39.921463
396,东华门街道_110101001000,116.394929,39.921227
397,东华门街道_110101001000,116.394559,39.921053
398,东华门街道_110101001000,116.394579,39.921042
399,东华门街道_110101001000,116.394916,39.920676
400,东华门街道_110101001000,116.395066,39.920243
401,东华门街道_110101001000,116.395088,39.919793
402,东华门街道_110101001000,116.39511,39.919344
403,东华门街道_110101001000,116.395132,39.918894
404,东华门街道_110101001000,116.395153,39.918444
405,东华门街道_110101001000,116.395175,39.917994
406,东华门街道_110101001000,116.395106,39.917549
407,东华门街道_110101001000,116.394979,39.909205
408,东华门街道_110101001000,116.394881,39.8994
409,东华门街道_110101001000,116.395575,39.913528
410,东华门街道_110101001000,116.394994,39.913583
411,东华门街道_110101001000,116.394967,39.909785
412,东华门街道_110101001000,116.395127,39.910218
413,东华门街道_110101001000,116.394968,39.909784
414,东华门街道_110101001000,116.39498,39.909334
415,东华门街道_110101001000,116.396101,39.908937
416,东华门街道_110101001000,116.395539,39.909054
417,东华门街道_110101001000,116.394995,39.911464
418,东华门街道_110101001000,116.395043,39.911016
419,东华门街道_110101001000,116.397704,39.911478
420,东华门街道_110101001000,116.39712,39.911452
421,东华门街道_110101001000,116.396536,39.911425
422,东华门街道_110101001000,116.395952,39.911403
423,东华门街道_110101001000,116.395371,39.91145
424,东华门街道_110101001000,116.395204,39.91048
425,东华门街道_110101001000,116.395187,39.899747
426,东华门街道_110101001000,116.395079,39.917488
427,东华门街道_110101001000,116.395103,39.917038
428,东华门街道_110101001000,116.395127,39.916588
429,东华门街道_110101001000,116.395137,39.916139
430,东华门街道_110101001000,116.395234,39.914138
431,东华门街道_110101001000,116.39534,39.914579
432,东华门街道_110101001000,116.39532,39.91503
433,东华门街道_110101001000,116.395279,39.915478
434,东华门街道_110101001000,116.395209,39.900353
435,东华门街道_110101001000,116.395716,39.900575
436,东华门街道_110101001000,116.396293,39.900635
437,东华门街道_110101001000,116.396877,39.900644
438,东华门街道_110101001000,116.397461,39.900659
439,东华门街道_110101001000,116.398038,39.90073
440,东华门街道_110101001000,116.398615,39.900794
441,东华门街道_110101001000,116.395209,39.900353
442,东华门街道_110101001000,116.396032,39.91023
443,东华门街道_110101001000,116.395492,39.910402
444,东华门街道_110101001000,116.395691,39.913715
445,东华门街道_110101001000,116.395317,39.914062
446,东华门街道_110101001000,116.395397,39.912475
447,东华门街道_110101001000,116.395948,39.912357
448,东华门街道_110101001000,116.396166,39.912502
449,东华门街道_110101001000,116.395582,39.912483
450,东华门街道_110101001000,116.395575,39.913528
451,东华门街道_110101001000,116.39549,39.913084
452,东华门街道_110101001000,116.395454,39.912637
453,东华门街道_110101001000,116.395691,39.913715
454,东华门街道_110101001000,116.397091,39.913786
455,东华门街道_110101001000,116.396506,39.913772
456,东华门街道_110101001000,116.395923,39.91374
457,东华门街道_110101001000,116.395898,39.906039
458,东华门街道_110101001000,116.396286,39.906376
459,东华门街道_110101001000,116.396685,39.906706
460,东华门街道_110101001000,116.397083,39.907036
461,东华门街道_110101001000,116.395898,39.906039
462,东华门街道_110101001000,116.396276,39.905695
463,东华门街道_110101001000,116.396656,39.905353
464,东华门街道_110101001000,116.39712,39.907066
465,东华门街道_110101001000,116.39656,39.907195
466,东华门街道_110101001000,116.395995,39.907312
467,东华门街道_110101001000,116.396344,39.921937
468,东华门街道_110101001000,116.397307,39.910254
469,东华门街道_110101001000,116.396722,39.910251
470,东华门街道_110101001000,116.396138,39.910233
471,东华门街道_110101001000,116.396547,39.908589
472,东华门街道_110101001000,116.396132,39.908904
473,东华门街道_110101001000,116.397151,39.907083
474,东华门街道_110101001000,116.396653,39.907319
475,东华门街道_110101001000,116.396156,39.907556
476,东华门街道_110101001000,116.396704,39.902331
477,东华门街道_110101001000,116.396199,39.912421
478,东华门街道_110101001000,116.396784,39.912429
479,东华门街道_110101001000,116.397369,39.912439
480,东华门街道_110101001000,116.397834,39.908073
481,东华门街道_110101001000,116.397249,39.908064
482,东华门街道_110101001000,116.396664,39.908056
483,东华门街道_110101001000,116.396344,39.921937
484,东华门街道_110101001000,116.396344,39.921937
485,东华门街道_110101001000,116.396323,39.921487
486,东华门街道_110101001000,116.396376,39.921041
487,东华门街道_110101001000,116.396649,39.920646
488,东华门街道_110101001000,116.397704,39.908228
489,东华门街道_110101001000,116.397163,39.908399
490,东华门街道_110101001000,116.39662,39.908567
491,东华门街道_110101001000,116.397213,39.902869
492,东华门街道_110101001000,116.39686,39.902511
493,东华门街道_110101001000,116.396851,39.91984
494,东华门街道_110101001000,116.39656,39.919501
495,东华门街道_110101001000,116.39646,39.919062
496,东华门街道_110101001000,116.396586,39.918626
497,东华门街道_110101001000,116.396664,39.916987
498,东华门街道_110101001000,116.397249,39.917003
499,东华门街道_110101001000,116.396664,39.916987
500,东华门街道_110101001000,116.396559,39.917428
501,东华门街道_110101001000,116.396572,39.917876
502,东华门街道_110101001000,116.396803,39.918288
503,东华门街道_110101001000,116.396798,39.91571
504,东华门街道_110101001000,116.396624,39.916137
505,东华门街道_110101001000,116.396605,39.916587
506,东华门街道_110101001000,116.396798,39.91571
507,东华门街道_110101001000,116.397381,39.915739
508,东华门街道_110101001000,116.396798,39.91571
509,东华门街道_110101001000,116.396663,39.915276
510,东华门街道_110101001000,116.396684,39.914826
511,东华门街道_110101001000,116.396789,39.914386
512,东华门街道_110101001000,116.397,39.913966
513,东华门街道_110101001000,116.396976,39.899401
514,东华门街道_110101001000,116.397266,39.905278
515,东华门街道_110101001000,116.39694,39.905096
516,东华门街道_110101001000,116.39698,39.904647
517,东华门街道_110101001000,116.396998,39.904197
518,东华门街道_110101001000,116.397017,39.903747
519,东华门街道_110101001000,116.397051,39.903298
520,东华门街道_110101001000,116.397509,39.91835
521,东华门街道_110101001000,116.396925,39.91833
522,东华门街道_110101001000,116.396844,39.920474
523,东华门街道_110101001000,116.396844,39.920474
524,东华门街道_110101001000,116.396831,39.922106
525,东华门街道_110101001000,116.397111,39.922499
526,东华门街道_110101001000,116.396831,39.922106
527,东华门街道_110101001000,116.397309,39.921851
528,东华门街道_110101001000,116.397819,39.92163
529,东华门街道_110101001000,116.396854,39.919982
530,东华门街道_110101001000,116.396851,39.91984
531,东华门街道_110101001000,116.396854,39.919982
532,东华门街道_110101001000,116.39712,39.907066
533,东华门街道_110101001000,116.397002,39.92058
534,东华门街道_110101001000,116.397515,39.920797
535,东华门街道_110101001000,116.39751,39.913601
536,东华门街道_110101001000,116.397697,39.907334
537,东华门街道_110101001000,116.397195,39.907103
538,东华门街道_110101001000,116.398004,39.902627
539,东华门街道_110101001000,116.39746,39.902794
540,东华门街道_110101001000,116.397266,39.905278
541,东华门街道_110101001000,116.39742,39.905713
542,东华门街道_110101001000,116.39723,39.922644
543,东华门街道_110101001000,116.39718,39.919579
544,东华门街道_110101001000,116.397219,39.91913
545,东华门街道_110101001000,116.397679,39.910799
546,东华门街道_110101001000,116.397409,39.9104
547,东华门街道_110101001000,116.397307,39.910254
548,东华门街道_110101001000,116.397349,39.909805
549,东华门街道_110101001000,116.397749,39.922943
550,东华门街道_110101001000,116.397282,39.922674
551,东华门街道_110101001000,116.397704,39.908228
552,东华门街道_110101001000,116.397591,39.90867
553,东华门街道_110101001000,116.397477,39.909112
554,东华门街道_110101001000,116.398403,39.8995
555,东华门街道_110101001000,116.397821,39.899468
556,东华门街道_110101001000,116.39745,39.918527
557,东华门街道_110101001000,116.397438,39.918977
558,东华门街道_110101001000,116.397509,39.91835
559,东华门街道_110101001000,116.397697,39.907334
560,东华门街道_110101001000,116.397661,39.906884
561,东华门街道_110101001000,116.397613,39.906435
562,东华门街道_110101001000,116.39751,39.913601
563,东华门街道_110101001000,116.397942,39.913904
564,东华门街道_110101001000,116.39751,39.913601
565,东华门街道_110101001000,116.397586,39.913154
566,东华门街道_110101001000,116.397711,39.912715
567,东华门街道_110101001000,116.397509,39.91835
568,东华门街道_110101001000,116.398753,39.916658
569,东华门街道_110101001000,116.398274,39.916914
570,东华门街道_110101001000,116.397713,39.917027
571,东华门街道_110101001000,116.398026,39.907534
572,东华门街道_110101001000,116.397679,39.910799
573,东华门街道_110101001000,116.397688,39.91125
574,东华门街道_110101001000,116.399482,39.910048
575,东华门街道_110101001000,116.39897,39.910266
576,东华门街道_110101001000,116.398458,39.910484
577,东华门街道_110101001000,116.39794,39.910694
578,东华门街道_110101001000,116.397824,39.908106
579,东华门街道_110101001000,116.398086,39.912076
580,东华门街道_110101001000,116.397825,39.911673
581,东华门街道_110101001000,116.398133,39.918332
582,东华门街道_110101001000,116.397824,39.908106
583,东华门街道_110101001000,116.398198,39.908452
584,东华门街道_110101001000,116.397834,39.908073
585,东华门街道_110101001000,116.398026,39.907534
586,东华门街道_110101001000,116.397871,39.907968
587,东华门街道_110101001000,116.398086,39.912076
588,东华门街道_110101001000,116.399604,39.922477
589,东华门街道_110101001000,116.399149,39.922758
590,东华门街道_110101001000,116.398611,39.922931
591,东华门街道_110101001000,116.398028,39.922952
592,东华门街道_110101001000,116.397815,39.915718
593,东华门街道_110101001000,116.398081,39.916118
594,东华门街道_110101001000,116.398144,39.914045
595,东华门街道_110101001000,116.398056,39.91449
596,东华门街道_110101001000,116.397984,39.914937
597,东华门街道_110101001000,116.397963,39.915387
598,东华门街道_110101001000,116.398445,39.902635
599,东华门街道_110101001000,116.397885,39.921604
600,东华门街道_110101001000,116.397954,39.921157
601,东华门街道_110101001000,116.398026,39.907534
602,东华门街道_110101001000,116.398581,39.907393
603,东华门街道_110101001000,116.398576,39.920811
604,东华门街道_110101001000,116.398042,39.920995
605,东华门街道_110101001000,116.398086,39.912076
606,东华门街道_110101001000,116.398671,39.912085
607,东华门街道_110101001000,116.398144,39.914045
608,东华门街道_110101001000,116.398719,39.914127
609,东华门街道_110101001000,116.398133,39.918332
610,东华门街道_110101001000,116.398598,39.918606
611,东华门街道_110101001000,116.398753,39.916658
612,东华门街道_110101001000,116.398331,39.916346
613,东华门街道_110101001000,116.39826,39.908513
614,东华门街道_110101001000,116.398801,39.908685
615,东华门街道_110101001000,116.399127,39.909661
616,东华门街道_110101001000,116.398868,39.909257
617,东华门街道_110101001000,116.398565,39.908872
618,东华门街道_110101001000,116.398403,39.8995
619,东华门街道_110101001000,116.399435,39.903034
620,东华门街道_110101001000,116.398884,39.902893
621,东华门街道_110101001000,116.398445,39.902635
622,东华门街道_110101001000,116.398887,39.902342
623,东华门街道_110101001000,116.399185,39.899787
624,东华门街道_110101001000,116.39864,39.899624
625,东华门街道_110101001000,116.400647,39.921638
626,东华门街道_110101001000,116.400138,39.921415
627,东华门街道_110101001000,116.399629,39.921193
628,东华门街道_110101001000,116.39911,39.920988
629,东华门街道_110101001000,116.398576,39.920811
630,东华门街道_110101001000,116.398627,39.920362
631,东华门街道_110101001000,116.398658,39.919913
632,东华门街道_110101001000,116.398689,39.919464
633,东华门街道_110101001000,116.3987,39.919015
634,东华门街道_110101001000,116.401046,39.918509
635,东华门街道_110101001000,116.400461,39.918501
636,东华门街道_110101001000,116.399876,39.918494
637,东华门街道_110101001000,116.399294,39.91851
638,东华门街道_110101001000,116.398722,39.918604
639,东华门街道_110101001000,116.398728,39.912086
640,东华门街道_110101001000,116.398923,39.912511
641,东华门街道_110101001000,116.399105,39.912042
642,东华门街道_110101001000,116.398753,39.916658
643,东华门街道_110101001000,116.398853,39.914146
644,东华门街道_110101001000,116.399015,39.907322
645,东华门街道_110101001000,116.399471,39.907605
646,东华门街道_110101001000,116.399906,39.907906
647,东华门街道_110101001000,116.400358,39.908192
648,东华门街道_110101001000,116.400365,39.906648
649,东华门街道_110101001000,116.399859,39.906875
650,东华门街道_110101001000,116.399364,39.907114
651,东华门街道_110101001000,116.400541,39.900973
652,东华门街道_110101001000,116.399957,39.900954
653,东华门街道_110101001000,116.399386,39.900872
654,东华门街道_110101001000,116.399082,39.900737
655,东华门街道_110101001000,116.39919,39.900295
656,东华门街道_110101001000,116.399186,39.899845
657,东华门街道_110101001000,116.39968,39.922383
658,东华门街道_110101001000,116.399142,39.922206
659,东华门街道_110101001000,116.399185,39.899787
660,东华门街道_110101001000,116.399677,39.899543
661,东华门街道_110101001000,116.400143,39.914422
662,东华门街道_110101001000,116.399608,39.91424
663,东华门街道_110101001000,116.40062,39.912128
664,东华门街道_110101001000,116.400036,39.912107
665,东华门街道_110101001000,116.399452,39.912079
666,东华门街道_110101001000,116.399105,39.912042
667,东华门街道_110101001000,116.39927,39.91161
668,东华门街道_110101001000,116.399436,39.911178
669,东华门街道_110101001000,116.399625,39.910751
670,东华门街道_110101001000,116.399814,39.910325
671,东华门街道_110101001000,116.399482,39.910048
672,东华门街道_110101001000,116.399144,39.90968
673,东华门街道_110101001000,116.399202,39.916664
674,东华门街道_110101001000,116.399784,39.916704
675,东华门街道_110101001000,116.400528,39.90211
676,东华门街道_110101001000,116.399944,39.902087
677,东华门街道_110101001000,116.400544,39.921864
678,东华门街道_110101001000,116.399971,39.921771
679,东华门街道_110101001000,116.399399,39.921677
680,东华门街道_110101001000,116.400659,39.903083
681,东华门街道_110101001000,116.400075,39.90306
682,东华门街道_110101001000,116.399491,39.903036
683,东华门街道_110101001000,116.399565,39.910063
684,东华门街道_110101001000,116.399843,39.910261
685,东华门街道_110101001000,116.399565,39.910063
686,东华门街道_110101001000,116.399867,39.909677
687,东华门街道_110101001000,116.400277,39.914834
688,东华门街道_110101001000,116.399791,39.915085
689,东华门街道_110101001000,116.400326,39.899597
690,东华门街道_110101001000,116.399751,39.89953
691,东华门街道_110101001000,116.399822,39.922997
692,东华门街道_110101001000,116.399636,39.922571
693,东华门街道_110101001000,116.39968,39.922383
694,东华门街道_110101001000,116.39968,39.922383
695,东华门街道_110101001000,116.400142,39.922106
696,东华门街道_110101001000,116.399843,39.910261
697,东华门街道_110101001000,116.400403,39.910389
698,东华门街道_110101001000,116.39993,39.909595
699,东华门街道_110101001000,116.400358,39.909287
700,东华门街道_110101001000,116.400817,39.909008
701,东华门街道_110101001000,116.400143,39.914422
702,东华门街道_110101001000,116.400664,39.91391
703,东华门街道_110101001000,116.400303,39.914265
704,东华门街道_110101001000,116.400326,39.899597
705,东华门街道_110101001000,116.4002,39.916711
706,东华门街道_110101001000,116.40053,39.917083
707,东华门街道_110101001000,116.40086,39.917455
708,东华门街道_110101001000,116.40121,39.917816
709,东华门街道_110101001000,116.4002,39.916711
710,东华门街道_110101001000,116.400431,39.916298
711,东华门街道_110101001000,116.400523,39.915854
712,东华门街道_110101001000,116.400478,39.915407
713,东华门街道_110101001000,116.40035,39.914967
714,东华门街道_110101001000,116.400323,39.914875
715,东华门街道_110101001000,116.400365,39.906648
716,东华门街道_110101001000,116.400948,39.906688
717,东华门街道_110101001000,116.400672,39.9031
718,东华门街道_110101001000,116.4006,39.903547
719,东华门街道_110101001000,116.400571,39.903997
720,东华门街道_110101001000,116.400542,39.904446
721,东华门街道_110101001000,116.400512,39.904896
722,东华门街道_110101001000,116.400483,39.905346
723,东华门街道_110101001000,116.400452,39.905796
724,东华门街道_110101001000,116.400419,39.906246
725,东华门街道_110101001000,116.403,39.915083
726,东华门街道_110101001000,116.402453,39.914934
727,东华门街道_110101001000,116.401869,39.914922
728,东华门街道_110101001000,116.401285,39.914905
729,东华门街道_110101001000,116.400701,39.914882
730,东华门街道_110101001000,116.400659,39.903083
731,东华门街道_110101001000,116.40063,39.902633
732,东华门街道_110101001000,116.40056,39.902188
733,东华门街道_110101001000,116.400687,39.901127
734,东华门街道_110101001000,116.400621,39.901574
735,东华门街道_110101001000,116.400565,39.90202
736,东华门街道_110101001000,116.400541,39.900973
737,东华门街道_110101001000,116.400541,39.900973
738,东华门街道_110101001000,116.400615,39.900526
739,东华门街道_110101001000,116.400623,39.900076
740,东华门街道_110101001000,116.400641,39.89972
741,东华门街道_110101001000,116.400672,39.9031
742,东华门街道_110101001000,116.402078,39.901062
743,东华门街道_110101001000,116.401501,39.901128
744,东华门街道_110101001000,116.400916,39.901124
745,东华门街道_110101001000,116.400672,39.9031
746,东华门街道_110101001000,116.401257,39.903113
747,东华门街道_110101001000,116.401841,39.903127
748,东华门街道_110101001000,116.402424,39.903157
749,东华门街道_110101001000,116.40062,39.912128
750,东华门街道_110101001000,116.400656,39.912577
751,东华门街道_110101001000,116.400691,39.913027
752,东华门街道_110101001000,116.400673,39.913477
753,东华门街道_110101001000,116.40062,39.912128
754,东华门街道_110101001000,116.400638,39.921818
755,东华门街道_110101001000,116.400836,39.91064
756,东华门街道_110101001000,116.400677,39.910452
757,东华门街道_110101001000,116.40097,39.910062
758,东华门街道_110101001000,116.401103,39.909628
759,东华门街道_110101001000,116.402171,39.91215
760,东华门街道_110101001000,116.401586,39.912137
761,东华门街道_110101001000,116.401002,39.912111
762,东华门街道_110101001000,116.400677,39.912102
763,东华门街道_110101001000,116.400734,39.911654
764,东华门街道_110101001000,116.400792,39.911205
765,东华门街道_110101001000,116.40083,39.910756
766,东华门街道_110101001000,116.400664,39.91391
767,东华门街道_110101001000,116.401248,39.913937
768,东华门街道_110101001000,116.401832,39.913954
769,东华门街道_110101001000,116.400868,39.908981
770,东华门街道_110101001000,116.400783,39.908535
771,东华门街道_110101001000,116.400753,39.908437
772,东华门街道_110101001000,116.401231,39.908178
773,东华门街道_110101001000,116.401703,39.907913
774,东华门街道_110101001000,116.401004,39.922122
775,东华门街道_110101001000,116.400638,39.921818
776,东华门街道_110101001000,116.400647,39.921756
777,东华门街道_110101001000,116.400647,39.921638
778,东华门街道_110101001000,116.400647,39.921756
779,东华门街道_110101001000,116.401226,39.921693
780,东华门街道_110101001000,116.401804,39.921623
781,东华门街道_110101001000,116.401004,39.922122
782,东华门街道_110101001000,116.400845,39.922556
783,东华门街道_110101001000,116.40137,39.899575
784,东华门街道_110101001000,116.400989,39.91919
785,东华门街道_110101001000,116.400775,39.919608
786,东华门街道_110101001000,116.400683,39.920052
787,东华门街道_110101001000,116.400671,39.920502
788,东华门街道_110101001000,116.400699,39.920952
789,东华门街道_110101001000,116.400724,39.921402
790,东华门街道_110101001000,116.402968,39.920641
791,东华门街道_110101001000,116.402442,39.920835
792,东华门街道_110101001000,116.4019,39.921002
793,东华门街道_110101001000,116.401384,39.921214
794,东华门街道_110101001000,116.400865,39.921421
795,东华门街道_110101001000,116.402619,39.910618
796,东华门街道_110101001000,116.402035,39.910635
797,东华门街道_110101001000,116.401451,39.910648
798,东华门街道_110101001000,116.400866,39.91064
799,东华门街道_110101001000,116.400868,39.908981
800,东华门街道_110101001000,116.40149,39.919381
801,东华门街道_110101001000,116.401046,39.918509
802,东华门街道_110101001000,116.401006,39.918958
803,东华门街道_110101001000,116.401004,39.922122
804,东华门街道_110101001000,116.401451,39.922413
805,东华门街道_110101001000,116.401046,39.918509
806,东华门街道_110101001000,116.401299,39.918103
807,东华门街道_110101001000,116.401127,39.909184
808,东华门街道_110101001000,116.401712,39.909175
809,东华门街道_110101001000,116.402296,39.909181
810,东华门街道_110101001000,116.40137,39.899575
811,东华门街道_110101001000,116.401952,39.899545
812,东华门街道_110101001000,116.401935,39.906798
813,东华门街道_110101001000,116.401386,39.91797
814,东华门街道_110101001000,116.402913,39.919501
815,东华门街道_110101001000,116.40233,39.919459
816,东华门街道_110101001000,116.401749,39.919407
817,东华门街道_110101001000,116.401515,39.917941
818,东华门街道_110101001000,116.401964,39.91823
819,东华门街道_110101001000,116.402405,39.918526
820,东华门街道_110101001000,116.401515,39.917941
821,东华门街道_110101001000,116.40202,39.917715
822,东华门街道_110101001000,116.402527,39.91749
823,东华门街道_110101001000,116.402251,39.907658
824,东华门街道_110101001000,116.401753,39.907892
825,东华门街道_110101001000,116.401638,39.923513
826,东华门街道_110101001000,116.401855,39.923928
827,东华门街道_110101001000,116.401687,39.922571
828,东华门街道_110101001000,116.401663,39.923021
829,东华门街道_110101001000,116.401638,39.923471
830,东华门街道_110101001000,116.402846,39.922603
831,东华门街道_110101001000,116.402262,39.922587
832,东华门街道_110101001000,116.402189,39.906922
833,东华门街道_110101001000,116.401935,39.906798
834,东华门街道_110101001000,116.402139,39.906376
835,东华门街道_110101001000,116.402279,39.901182
836,东华门街道_110101001000,116.402189,39.906922
837,东华门街道_110101001000,116.402227,39.907371
838,东华门街道_110101001000,116.402189,39.906922
839,东华门街道_110101001000,116.40275,39.906797
840,东华门街道_110101001000,116.402279,39.901182
841,东华门街道_110101001000,116.402251,39.901632
842,东华门街道_110101001000,116.402171,39.91215
843,东华门街道_110101001000,116.402532,39.912504
844,东华门街道_110101001000,116.40286,39.912877
845,东华门街道_110101001000,116.402171,39.91215
846,东华门街道_110101001000,116.402568,39.911819
847,东华门街道_110101001000,116.402279,39.901182
848,东华门街道_110101001000,116.402861,39.901142
849,东华门街道_110101001000,116.403445,39.901158
850,东华门街道_110101001000,116.402251,39.907658
851,东华门街道_110101001000,116.402278,39.91397
852,东华门街道_110101001000,116.403016,39.899722
853,东华门街道_110101001000,116.402655,39.911747
854,东华门街道_110101001000,116.402666,39.911296
855,东华门街道_110101001000,116.402626,39.910847
856,东华门街道_110101001000,116.402619,39.910618
857,东华门街道_110101001000,116.403024,39.910292
858,东华门街道_110101001000,116.402642,39.90919
859,东华门街道_110101001000,116.403054,39.90951
860,东华门街道_110101001000,116.402642,39.90919
861,东华门街道_110101001000,116.402637,39.90874
862,东华门街道_110101001000,116.40266,39.90829
863,东华门街道_110101001000,116.402913,39.919501
864,东华门街道_110101001000,116.402734,39.919072
865,东华门街道_110101001000,116.402675,39.907966
866,东华门街道_110101001000,116.402855,39.903479
867,东华门街道_110101001000,116.402833,39.903928
868,东华门街道_110101001000,116.402794,39.904377
869,东华门街道_110101001000,116.402755,39.904827
870,东华门街道_110101001000,116.402716,39.905276
871,东华门街道_110101001000,116.402655,39.911747
872,东华门街道_110101001000,116.403239,39.911719
873,东华门街道_110101001000,116.403823,39.911734
874,东华门街道_110101001000,116.404406,39.911758
875,东华门街道_110101001000,116.404991,39.911762
876,东华门街道_110101001000,116.402637,39.916736
877,东华门街道_110101001000,116.402644,39.917186
878,东华门街道_110101001000,116.403278,39.915236
879,东华门街道_110101001000,116.403013,39.915637
880,东华门街道_110101001000,116.402907,39.916077
881,东华门街道_110101001000,116.402764,39.91651
882,东华门街道_110101001000,116.402651,39.917435
883,东华门街道_110101001000,116.403231,39.917491
884,东华门街道_110101001000,116.402812,39.903262
885,东华门街道_110101001000,116.405279,39.903383
886,东华门街道_110101001000,116.404695,39.903363
887,东华门街道_110101001000,116.404114,39.903308
888,东华门街道_110101001000,116.403531,39.903285
889,东华门街道_110101001000,116.402946,39.903266
890,东华门街道_110101001000,116.402855,39.903479
891,东华门街道_110101001000,116.402761,39.90978
892,东华门街道_110101001000,116.403345,39.909755
893,东华门街道_110101001000,116.402747,39.913868
894,东华门街道_110101001000,116.402746,39.913418
895,东华门街道_110101001000,116.402838,39.912975
896,东华门街道_110101001000,116.402945,39.913939
897,东华门街道_110101001000,116.402968,39.920641
898,东华门街道_110101001000,116.402753,39.920325
899,东华门街道_110101001000,116.402866,39.919883
900,东华门街道_110101001000,116.40486,39.91295
901,东华门街道_110101001000,116.404275,39.912934
902,东华门街道_110101001000,116.403691,39.912916
903,东华门街道_110101001000,116.403107,39.912895
904,东华门街道_110101001000,116.4031,39.899712
905,东华门街道_110101001000,116.402846,39.922603
906,东华门街道_110101001000,116.403314,39.92287
907,东华门街道_110101001000,116.402846,39.922603
908,东华门街道_110101001000,116.403241,39.92227
909,东华门街道_110101001000,116.403632,39.921935
910,东华门街道_110101001000,116.402924,39.914446
911,东华门街道_110101001000,116.402943,39.913996
912,东华门街道_110101001000,116.402945,39.913939
913,东华门街道_110101001000,116.402933,39.919505
914,东华门街道_110101001000,116.40398,39.899741
915,东华门街道_110101001000,116.403396,39.899722
916,东华门街道_110101001000,116.402933,39.919505
917,东华门街道_110101001000,116.403116,39.91514
918,东华门街道_110101001000,116.403,39.915083
919,东华门街道_110101001000,116.403007,39.914632
920,东华门街道_110101001000,116.402965,39.919515
921,东华门街道_110101001000,116.403545,39.919554
922,东华门街道_110101001000,116.402968,39.920641
923,东华门街道_110101001000,116.403253,39.910135
924,东华门街道_110101001000,116.403041,39.914447
925,东华门街道_110101001000,116.40306,39.913997
926,东华门街道_110101001000,116.403061,39.91397
927,东华门街道_110101001000,116.403232,39.915207
928,东华门街道_110101001000,116.403116,39.91514
929,东华门街道_110101001000,116.403123,39.91469
930,东华门街道_110101001000,116.403193,39.907925
931,东华门街道_110101001000,116.403158,39.914448
932,东华门街道_110101001000,116.403293,39.914005
933,东华门街道_110101001000,116.403253,39.910135
934,东华门街道_110101001000,116.403253,39.910135
935,东华门街道_110101001000,116.403232,39.915207
936,东华门街道_110101001000,116.403232,39.915207
937,东华门街道_110101001000,116.403239,39.914756
938,东华门街道_110101001000,116.403333,39.906769
939,东华门街道_110101001000,116.403314,39.907219
940,东华门街道_110101001000,116.403202,39.920649
941,东华门街道_110101001000,116.403192,39.9211
942,东华门街道_110101001000,116.40331,39.907925
943,东华门街道_110101001000,116.404062,39.920613
944,东华门街道_110101001000,116.403478,39.920638
945,东华门街道_110101001000,116.403301,39.910299
946,东华门街道_110101001000,116.4033,39.91075
947,东华门街道_110101001000,116.403333,39.906769
948,东华门街道_110101001000,116.403349,39.915229
949,东华门街道_110101001000,116.40341,39.914008
950,东华门街道_110101001000,116.403523,39.909854
951,东华门街道_110101001000,116.403349,39.915229
952,东华门街道_110101001000,116.403356,39.914779
953,东华门街道_110101001000,116.403466,39.915223
954,东华门街道_110101001000,116.40345,39.906772
955,东华门街道_110101001000,116.403431,39.907222
956,东华门街道_110101001000,116.403427,39.907933
957,东华门街道_110101001000,116.40345,39.906772
958,东华门街道_110101001000,116.40341,39.914008
959,东华门街道_110101001000,116.403374,39.922894
960,东华门街道_110101001000,116.403466,39.915223
961,东华门街道_110101001000,116.403473,39.914773
962,东华门街道_110101001000,116.403466,39.915223
963,东华门街道_110101001000,116.40354,39.907398
964,东华门街道_110101001000,116.40356,39.906948
965,东华门街道_110101001000,116.404009,39.909795
966,东华门街道_110101001000,116.403544,39.907951
967,东华门街道_110101001000,116.403567,39.906775
968,东华门街道_110101001000,116.403644,39.914014
969,东华门街道_110101001000,116.40539,39.901225
970,东华门街道_110101001000,116.404806,39.901212
971,东华门街道_110101001000,116.404222,39.901221
972,东华门街道_110101001000,116.403583,39.915223
973,东华门街道_110101001000,116.403583,39.915223
974,东华门街道_110101001000,116.40359,39.914773
975,东华门街道_110101001000,116.403565,39.917525
976,东华门街道_110101001000,116.403607,39.917974
977,东华门街道_110101001000,116.404921,39.917457
978,东华门街道_110101001000,116.404336,39.917469
979,东华门街道_110101001000,116.403753,39.917499
980,东华门街道_110101001000,116.403658,39.907382
981,东华门街道_110101001000,116.403677,39.906932
982,东华门街道_110101001000,116.403776,39.908003
983,东华门街道_110101001000,116.403801,39.906781
984,东华门街道_110101001000,116.403644,39.914014
985,东华门街道_110101001000,116.4037,39.915223
986,东华门街道_110101001000,116.4037,39.915223
987,东华门街道_110101001000,116.403707,39.914773
988,东华门街道_110101001000,116.403776,39.907355
989,东华门街道_110101001000,116.403796,39.906905
990,东华门街道_110101001000,116.403776,39.908003
991,东华门街道_110101001000,116.405121,39.922361
992,东华门街道_110101001000,116.40459,39.922548
993,东华门街道_110101001000,116.404073,39.922759
994,东华门街道_110101001000,116.403801,39.906781
995,东华门街道_110101001000,116.403878,39.91402
996,东华门街道_110101001000,116.404295,39.921606
997,东华门街道_110101001000,116.403778,39.921817
998,东华门街道_110101001000,116.403817,39.915224
999,东华门街道_110101001000,116.403817,39.915224
1000,东华门街道_110101001000,116.403824,39.914773
1001,东华门街道_110101001000,116.403918,39.906784
1002,东华门街道_110101001000,116.403898,39.907235
1003,东华门街道_110101001000,116.403891,39.90804
1004,东华门街道_110101001000,116.404183,39.919781
1005,东华门街道_110101001000,116.404035,39.906787
1006,东华门街道_110101001000,116.405324,39.899715
1007,东华门街道_110101001000,116.404753,39.899633
1008,东华门街道_110101001000,116.404175,39.899689
1009,东华门街道_110101001000,116.404009,39.909795
1010,东华门街道_110101001000,116.403983,39.909345
1011,东华门街道_110101001000,116.403942,39.908896
1012,东华门街道_110101001000,116.403927,39.908446
1013,东华门街道_110101001000,116.404092,39.908001
1014,东华门街道_110101001000,116.403878,39.91402
1015,东华门街道_110101001000,116.403934,39.915224
1016,东华门街道_110101001000,116.403934,39.915224
1017,东华门街道_110101001000,116.403941,39.914774
1018,东华门街道_110101001000,116.404015,39.9074
1019,东华门街道_110101001000,116.404028,39.90695
1020,东华门街道_110101001000,116.404035,39.906787
1021,东华门街道_110101001000,116.404144,39.909822
1022,东华门街道_110101001000,116.404112,39.914026
1023,东华门街道_110101001000,116.404211,39.907975
1024,东华门街道_110101001000,116.404051,39.915224
1025,东华门街道_110101001000,116.404051,39.915224
1026,东华门街道_110101001000,116.404058,39.914774
1027,东华门街道_110101001000,116.404125,39.9074
1028,东华门街道_110101001000,116.404145,39.90695
1029,东华门街道_110101001000,116.405481,39.906751
1030,东华门街道_110101001000,116.404896,39.906743
1031,东华门街道_110101001000,116.404312,39.906766
1032,东华门街道_110101001000,116.404144,39.909822
1033,东华门街道_110101001000,116.404144,39.909822
1034,东华门街道_110101001000,116.404593,39.909533
1035,东华门街道_110101001000,116.405023,39.909228
1036,东华门街道_110101001000,116.405453,39.908923
1037,东华门街道_110101001000,116.404112,39.914026
1038,东华门街道_110101001000,116.404062,39.920613
1039,东华门街道_110101001000,116.404198,39.921051
1040,东华门街道_110101001000,116.404276,39.921498
1041,东华门街道_110101001000,116.404062,39.920613
1042,东华门街道_110101001000,116.404329,39.907958
1043,东华门街道_110101001000,116.404285,39.915225
1044,东华门街道_110101001000,116.404178,39.914528
1045,东华门街道_110101001000,116.404172,39.914978
1046,东华门街道_110101001000,116.405055,39.918483
1047,东华门街道_110101001000,116.40447,39.918467
1048,东华门街道_110101001000,116.404465,39.910205
1049,东华门街道_110101001000,116.40428,39.910632
1050,东华门街道_110101001000,116.404936,39.914041
1051,东华门街道_110101001000,116.404351,39.914032
1052,东华门街道_110101001000,116.404235,39.920389
1053,东华门街道_110101001000,116.404202,39.919939
1054,东华门街道_110101001000,116.404183,39.919781
1055,东华门街道_110101001000,116.405233,39.907939
1056,东华门街道_110101001000,116.404649,39.907948
1057,东华门街道_110101001000,116.404235,39.920389
1058,东华门街道_110101001000,116.404819,39.920407
1059,东华门街道_110101001000,116.405404,39.920423
1060,东华门街道_110101001000,116.405974,39.920334
1061,东华门街道_110101001000,116.405959,39.915303
1062,东华门街道_110101001000,116.405375,39.915276
1063,东华门街道_110101001000,116.404791,39.915248
1064,东华门街道_110101001000,116.404285,39.915225
1065,东华门街道_110101001000,116.404292,39.914774
1066,东华门街道_110101001000,116.404295,39.921606
1067,东华门街道_110101001000,116.404767,39.921871
1068,东华门街道_110101001000,116.405021,39.92295
1069,东华门街道_110101001000,116.404436,39.922973
1070,东华门街道_110101001000,116.404377,39.919593
1071,东华门街道_110101001000,116.404962,39.919608
1072,东华门街道_110101001000,116.404377,39.919593
1073,东华门街道_110101001000,116.404465,39.910205
1074,东华门街道_110101001000,116.404882,39.910521
1075,东华门街道_110101001000,116.405298,39.910838
1076,东华门街道_110101001000,116.404458,39.919505
1077,东华门街道_110101001000,116.405043,39.91952
1078,东华门街道_110101001000,116.404528,39.919416
1079,东华门街道_110101001000,116.405262,39.919435
1080,东华门街道_110101001000,116.404677,39.91942
1081,东华门街道_110101001000,116.404528,39.919416
1082,东华门街道_110101001000,116.404781,39.91901
1083,东华门街道_110101001000,116.404664,39.916418
1084,东华门街道_110101001000,116.405215,39.916567
1085,东华门街道_110101001000,116.40486,39.91295
1086,东华门街道_110101001000,116.404989,39.913386
1087,东华门街道_110101001000,116.404958,39.913836
1088,东华门街道_110101001000,116.40486,39.91295
1089,东华门街道_110101001000,116.405152,39.91256
1090,东华门街道_110101001000,116.405486,39.912191
1091,东华门街道_110101001000,116.405074,39.918661
1092,东华门街道_110101001000,116.404936,39.914041
1093,东华门街道_110101001000,116.405314,39.914385
1094,东华门街道_110101001000,116.40569,39.91473
1095,东华门街道_110101001000,116.406028,39.915098
1096,东华门街道_110101001000,116.404921,39.917457
1097,东华门街道_110101001000,116.405259,39.917054
1098,东华门街道_110101001000,116.404942,39.917432
1099,东华门街道_110101001000,116.405055,39.918483
1100,东华门街道_110101001000,116.405088,39.917768
1101,东华门街道_110101001000,116.405067,39.918218
1102,东华门街道_110101001000,116.405309,39.922688
1103,东华门街道_110101001000,116.406429,39.919306
1104,东华门街道_110101001000,116.405954,39.919045
1105,东华门街道_110101001000,116.40544,39.918831
1106,东华门街道_110101001000,116.405088,39.917768
1107,东华门街道_110101001000,116.405607,39.917974
1108,东华门街道_110101001000,116.405947,39.918328
1109,东华门街道_110101001000,116.405121,39.922361
1110,东华门街道_110101001000,116.405066,39.922045
1111,东华门街道_110101001000,116.405537,39.921779
1112,东华门街道_110101001000,116.405449,39.908669
1113,东华门街道_110101001000,116.405336,39.908227
1114,东华门街道_110101001000,116.405693,39.906922
1115,东华门街道_110101001000,116.405486,39.907343
1116,东华门街道_110101001000,116.405308,39.907772
1117,东华门街道_110101001000,116.405279,39.903383
1118,东华门街道_110101001000,116.405615,39.903752
1119,东华门街道_110101001000,116.405279,39.903383
1120,东华门街道_110101001000,116.405404,39.902944
1121,东华门街道_110101001000,116.405496,39.902501
1122,东华门街道_110101001000,116.405309,39.922688
1123,东华门街道_110101001000,116.405324,39.899715
1124,东华门街道_110101001000,116.40539,39.901225
1125,东华门街道_110101001000,116.405459,39.901672
1126,东华门街道_110101001000,116.405548,39.902115
1127,东华门街道_110101001000,116.40539,39.901225
1128,东华门街道_110101001000,116.405259,39.917054
1129,东华门街道_110101001000,116.405836,39.917131
1130,东华门街道_110101001000,116.406414,39.917198
1131,东华门街道_110101001000,116.406997,39.917208
1132,东华门街道_110101001000,116.405259,39.917054
1133,东华门街道_110101001000,116.405323,39.916606
1134,东华门街道_110101001000,116.405456,39.899774
1135,东华门街道_110101001000,116.40546,39.900224
1136,东华门街道_110101001000,116.405456,39.900674
1137,东华门街道_110101001000,116.405456,39.899774
1138,东华门街道_110101001000,116.406022,39.899673
1139,东华门街道_110101001000,116.405324,39.916592
1140,东华门街道_110101001000,116.405505,39.916164
1141,东华门街道_110101001000,116.40572,39.915745
1142,东华门街道_110101001000,116.405945,39.915329
1143,东华门街道_110101001000,116.407209,39.922909
1144,东华门街道_110101001000,116.406625,39.922902
1145,东华门街道_110101001000,116.406041,39.922885
1146,东华门街道_110101001000,116.405482,39.922757
1147,东华门街道_110101001000,116.405449,39.908669
1148,东华门街道_110101001000,116.407491,39.900927
1149,东华门街道_110101001000,116.406925,39.90104
1150,东华门街道_110101001000,116.406346,39.901103
1151,东华门街道_110101001000,116.405763,39.90112
1152,东华门街道_110101001000,116.405481,39.906751
1153,东华门街道_110101001000,116.405481,39.906751
1154,东华门街道_110101001000,116.405496,39.9063
1155,东华门街道_110101001000,116.405528,39.905851
1156,东华门街道_110101001000,116.405566,39.905721
1157,东华门街道_110101001000,116.405539,39.908862
1158,东华门街道_110101001000,116.406116,39.908931
1159,东华门街道_110101001000,116.406681,39.909041
1160,东华门街道_110101001000,116.40583,39.903977
1161,东华门街道_110101001000,116.405478,39.904335
1162,东华门街道_110101001000,116.405314,39.904764
1163,东华门街道_110101001000,116.405372,39.905207
1164,东华门街道_110101001000,116.407572,39.902363
1165,东华门街道_110101001000,116.406994,39.902408
1166,东华门街道_110101001000,116.406412,39.902363
1167,东华门街道_110101001000,116.405829,39.902332
1168,东华门街道_110101001000,116.405561,39.911771
1169,东华门街道_110101001000,116.405561,39.911771
1170,东华门街道_110101001000,116.405589,39.911321
1171,东华门街道_110101001000,116.407079,39.910277
1172,东华门街道_110101001000,116.406596,39.910532
1173,东华门街道_110101001000,116.406109,39.91078
1174,东华门街道_110101001000,116.40563,39.911039
1175,东华门街道_110101001000,116.405693,39.906922
1176,东华门街道_110101001000,116.406273,39.906982
1177,东华门街道_110101001000,116.406857,39.907003
1178,东华门街道_110101001000,116.406475,39.912316
1179,东华门街道_110101001000,116.405958,39.912105
1180,东华门街道_110101001000,116.40583,39.903977
1181,东华门街道_110101001000,116.406413,39.904004
1182,东华门街道_110101001000,116.406997,39.904033
1183,东华门街道_110101001000,116.40758,39.904061
1184,东华门街道_110101001000,116.408164,39.90409
1185,东华门街道_110101001000,116.408747,39.904119
1186,东华门街道_110101001000,116.409331,39.904145
1187,东华门街道_110101001000,116.406989,39.921485
1188,东华门街道_110101001000,116.406431,39.921611
1189,东华门街道_110101001000,116.405855,39.921686
1190,东华门街道_110101001000,116.406121,39.915206
1191,东华门街道_110101001000,116.406475,39.912316
1192,东华门街道_110101001000,116.406146,39.912688
1193,东华门街道_110101001000,116.407019,39.915089
1194,东华门街道_110101001000,116.406443,39.915168
1195,东华门街道_110101001000,116.406995,39.920652
1196,东华门街道_110101001000,116.406488,39.920427
1197,东华门街道_110101001000,116.406255,39.919567
1198,东华门街道_110101001000,116.406188,39.920014
1199,东华门街道_110101001000,116.406255,39.919567
1200,东华门街道_110101001000,116.407411,39.899851
1201,东华门街道_110101001000,116.406835,39.899773
1202,东华门街道_110101001000,116.406475,39.912316
1203,东华门街道_110101001000,116.407027,39.912465
1204,东华门街道_110101001000,116.406429,39.919306
1205,东华门街道_110101001000,116.407019,39.91954
1206,东华门街道_110101001000,116.406629,39.919273
1207,东华门街道_110101001000,116.407068,39.918976
1208,东华门街道_110101001000,116.407381,39.907072
1209,东华门街道_110101001000,116.407446,39.915455
1210,东华门街道_110101001000,116.407055,39.91512
1211,东华门街道_110101001000,116.407019,39.915089
1212,东华门街道_110101001000,116.407797,39.911619
1213,东华门街道_110101001000,116.40763,39.911188
1214,东华门街道_110101001000,116.407496,39.910751
1215,东华门街道_110101001000,116.407187,39.910371
1216,东华门街道_110101001000,116.4071,39.909194
1217,东华门街道_110101001000,116.407089,39.909644
1218,东华门街道_110101001000,116.407082,39.910094
1219,东华门街道_110101001000,116.406989,39.921485
1220,东华门街道_110101001000,116.406971,39.921035
1221,东华门街道_110101001000,116.406995,39.920652
1222,东华门街道_110101001000,116.407535,39.920478
1223,东华门街道_110101001000,116.406989,39.921485
1224,东华门街道_110101001000,116.407548,39.921605
1225,东华门街道_110101001000,116.408133,39.921601
1226,东华门街道_110101001000,116.4071,39.909194
1227,东华门街道_110101001000,116.407569,39.908924
1228,东华门街道_110101001000,116.407019,39.91954
1229,东华门街道_110101001000,116.407467,39.919829
1230,东华门街道_110101001000,116.407914,39.92012
1231,东华门街道_110101001000,116.407179,39.913606
1232,东华门街道_110101001000,116.407119,39.913159
1233,东华门街道_110101001000,116.40711,39.912709
1234,东华门街道_110101001000,116.407332,39.912401
1235,东华门街道_110101001000,116.407284,39.914618
1236,东华门街道_110101001000,116.40854,39.914827
1237,东华门街道_110101001000,116.407963,39.914901
1238,东华门街道_110101001000,116.407383,39.914958
1239,东华门街道_110101001000,116.407179,39.913606
1240,东华门街道_110101001000,116.407223,39.914055
1241,东华门街道_110101001000,116.407271,39.914504
1242,东华门街道_110101001000,116.407179,39.913606
1243,东华门街道_110101001000,116.407737,39.913473
1244,东华门街道_110101001000,116.407209,39.922909
1245,东华门街道_110101001000,116.407787,39.922853
1246,东华门街道_110101001000,116.408372,39.922852
1247,东华门街道_110101001000,116.407491,39.900927
1248,东华门街道_110101001000,116.407418,39.90048
1249,东华门街道_110101001000,116.407411,39.900032
1250,东华门街道_110101001000,116.407476,39.89981
1251,东华门街道_110101001000,116.408624,39.914116
1252,东华门街道_110101001000,116.408093,39.914303
1253,东华门街道_110101001000,116.407571,39.914506
1254,东华门街道_110101001000,116.407332,39.912401
1255,东华门街道_110101001000,116.407899,39.912512
1256,东华门街道_110101001000,116.408471,39.912603
1257,东华门街道_110101001000,116.40905,39.912564
1258,东华门街道_110101001000,116.407797,39.911619
1259,东华门街道_110101001000,116.407556,39.91203
1260,东华门街道_110101001000,116.407381,39.907072
1261,东华门街道_110101001000,116.407379,39.907522
1262,东华门街道_110101001000,116.407381,39.907072
1263,东华门街道_110101001000,116.407959,39.907015
1264,东华门街道_110101001000,116.40854,39.907066
1265,东华门街道_110101001000,116.407872,39.908757
1266,东华门街道_110101001000,116.407625,39.908348
1267,东华门街道_110101001000,116.409142,39.899793
1268,东华门街道_110101001000,116.40856,39.899758
1269,东华门街道_110101001000,116.407976,39.899738
1270,东华门街道_110101001000,116.407491,39.900927
1271,东华门街道_110101001000,116.407394,39.917178
1272,东华门街道_110101001000,116.407446,39.915455
1273,东华门街道_110101001000,116.407441,39.915905
1274,东华门街道_110101001000,116.407423,39.916356
1275,东华门街道_110101001000,116.407399,39.916806
1276,东华门街道_110101001000,116.407446,39.915455
1277,东华门街道_110101001000,116.407967,39.91566
1278,东华门街道_110101001000,116.408504,39.915835
1279,东华门街道_110101001000,116.40908,39.915908
1280,东华门街道_110101001000,116.407572,39.902363
1281,东华门街道_110101001000,116.407719,39.901932
1282,东华门街道_110101001000,116.407753,39.901482
1283,东华门街道_110101001000,116.407457,39.918731
1284,东华门街道_110101001000,116.407519,39.918286
1285,东华门街道_110101001000,116.407531,39.917836
1286,东华门街道_110101001000,116.407551,39.917386
1287,东华门街道_110101001000,116.407557,39.917304
1288,东华门街道_110101001000,116.408139,39.917267
1289,东华门街道_110101001000,116.408723,39.917292
1290,东华门街道_110101001000,116.409306,39.917317
1291,东华门街道_110101001000,116.409879,39.917387
1292,东华门街道_110101001000,116.407698,39.901032
1293,东华门街道_110101001000,116.40826,39.900907
1294,东华门街道_110101001000,116.40884,39.900852
1295,东华门街道_110101001000,116.408059,39.920217
1296,东华门街道_110101001000,116.409278,39.911536
1297,东华门街道_110101001000,116.408697,39.911494
1298,东华门街道_110101001000,116.408121,39.911557
1299,东华门街道_110101001000,116.407872,39.908757
1300,东华门街道_110101001000,116.408453,39.908704
1301,东华门街道_110101001000,116.408433,39.920166
1302,东华门街道_110101001000,116.408433,39.920166
1303,东华门街道_110101001000,116.408603,39.908677
1304,东华门街道_110101001000,116.409109,39.908903
1305,东华门街道_110101001000,116.408603,39.908677
1306,东华门街道_110101001000,116.408808,39.908255
1307,东华门街道_110101001000,116.40892,39.907813
1308,东华门街道_110101001000,116.408962,39.907364
1309,东华门街道_110101001000,116.410612,39.914067
1310,东华门街道_110101001000,116.410041,39.914151
1311,东华门街道_110101001000,116.409457,39.914147
1312,东华门街道_110101001000,116.408873,39.914126
1313,东华门街道_110101001000,116.408943,39.92035
1314,东华门街道_110101001000,116.408767,39.907096
1315,东华门街道_110101001000,116.408767,39.907096
1316,东华门街道_110101001000,116.408784,39.906646
1317,东华门街道_110101001000,116.40865,39.921591
1318,东华门街道_110101001000,116.408811,39.92202
1319,东华门街道_110101001000,116.408826,39.92247
1320,东华门街道_110101001000,116.40865,39.921591
1321,东华门街道_110101001000,116.409175,39.920621
1322,东华门街道_110101001000,116.408911,39.921023
1323,东华门街道_110101001000,116.408721,39.921449
1324,东华门街道_110101001000,116.4087,39.921499
1325,东华门街道_110101001000,116.409284,39.921489
1326,东华门街道_110101001000,116.409093,39.912555
1327,东华门街道_110101001000,116.408862,39.912142
1328,东华门街道_110101001000,116.408977,39.907195
1329,东华门街道_110101001000,116.409541,39.907077
1330,东华门街道_110101001000,116.408844,39.9228
1331,东华门街道_110101001000,116.409142,39.899793
1332,东华门街道_110101001000,116.4091,39.900242
1333,东华门街道_110101001000,116.408943,39.92035
1334,东华门街道_110101001000,116.408943,39.92035
1335,东华门街道_110101001000,116.409332,39.920014
1336,东华门街道_110101001000,116.410756,39.92293
1337,东华门街道_110101001000,116.410171,39.922925
1338,东华门街道_110101001000,116.409586,39.92292
1339,东华门街道_110101001000,116.409008,39.922864
1340,东华门街道_110101001000,116.409142,39.899793
1341,东华门街道_110101001000,116.409093,39.912555
1342,东华门街道_110101001000,116.40921,39.900305
1343,东华门街道_110101001000,116.409243,39.899856
1344,东华门街道_110101001000,116.409328,39.900807
1345,东华门街道_110101001000,116.410185,39.900026
1346,东华门街道_110101001000,116.409654,39.899845
1347,东华门街道_110101001000,116.409328,39.900807
1348,东华门街道_110101001000,116.409327,39.920661
1349,东华门街道_110101001000,116.409256,39.912528
1350,东华门街道_110101001000,116.409278,39.911536
1351,东华门街道_110101001000,116.409279,39.911986
1352,东华门街道_110101001000,116.40928,39.912437
1353,东华门街道_110101001000,116.409278,39.911536
1354,东华门街道_110101001000,116.409773,39.911295
1355,东华门街道_110101001000,116.409327,39.920661
1356,东华门街道_110101001000,116.409508,39.909068
1357,东华门街道_110101001000,116.409536,39.909517
1358,东华门街道_110101001000,116.409616,39.909962
1359,东华门街道_110101001000,116.409899,39.910353
1360,东华门街道_110101001000,116.409508,39.909068
1361,东华门街道_110101001000,116.410085,39.908998
1362,东华门街道_110101001000,116.409582,39.904143
1363,东华门街道_110101001000,116.409924,39.904509
1364,东华门街道_110101001000,116.409582,39.904143
1365,东华门街道_110101001000,116.409558,39.915915
1366,东华门街道_110101001000,116.410041,39.916166
1367,东华门街道_110101001000,116.410606,39.916265
1368,东华门街道_110101001000,116.409558,39.915915
1369,东华门街道_110101001000,116.409995,39.915618
1370,东华门街道_110101001000,116.409785,39.903908
1371,东华门街道_110101001000,116.409885,39.903465
1372,东华门街道_110101001000,116.409921,39.903016
1373,东华门街道_110101001000,116.409936,39.902566
1374,东华门街道_110101001000,116.40998,39.902119
1375,东华门街道_110101001000,116.409796,39.907024
1376,东华门街道_110101001000,116.41037,39.907106
1377,东华门街道_110101001000,116.40996,39.904548
1378,东华门街道_110101001000,116.409878,39.904994
1379,东华门街道_110101001000,116.409859,39.905443
1380,东华门街道_110101001000,116.409846,39.905893
1381,东华门街道_110101001000,116.409832,39.906344
1382,东华门街道_110101001000,116.409808,39.906794
1383,东华门街道_110101001000,116.409806,39.911279
1384,东华门街道_110101001000,116.409797,39.91173
1385,东华门街道_110101001000,116.409942,39.921287
1386,东华门街道_110101001000,116.41011,39.901833
1387,东华门街道_110101001000,116.409959,39.901402
1388,东华门街道_110101001000,116.409914,39.900954
1389,东华门街道_110101001000,116.409892,39.900806
1390,东华门街道_110101001000,116.410263,39.900458
1391,东华门街道_110101001000,116.410255,39.910983
1392,东华门街道_110101001000,116.40996,39.904548
1393,东华门街道_110101001000,116.410533,39.904636
1394,东华门街道_110101001000,116.411117,39.904653
1395,东华门街道_110101001000,116.410054,39.91049
1396,东华门街道_110101001000,116.410219,39.910921
1397,东华门街道_110101001000,116.410054,39.91049
1398,东华门街道_110101001000,116.410422,39.91014
1399,东华门街道_110101001000,116.410185,39.900026
1400,东华门街道_110101001000,116.41018,39.908998
1401,东华门街道_110101001000,116.410188,39.909448
1402,东华门街道_110101001000,116.41018,39.908998
1403,东华门街道_110101001000,116.411005,39.911111
1404,东华门街道_110101001000,116.410431,39.911029
1405,东华门街道_110101001000,116.410437,39.90029
1406,东华门街道_110101001000,116.411021,39.900306
1407,东华门街道_110101001000,116.410491,39.90901
1408,东华门街道_110101001000,116.410485,39.909461
1409,东华门街道_110101001000,116.410481,39.909911
1410,东华门街道_110101001000,116.410491,39.90901
1411,东华门街道_110101001000,116.410548,39.907113
1412,东华门街道_110101001000,116.410883,39.907483
1413,东华门街道_110101001000,116.410612,39.914067
1414,东华门街道_110101001000,116.410723,39.913629
1415,东华门街道_110101001000,116.411204,39.908653
1416,东华门街道_110101001000,116.410772,39.908956
1417,东华门街道_110101001000,116.411517,39.911519
1418,东华门街道_110101001000,116.41111,39.911196
1419,东华门街道_110101001000,116.411005,39.911111
1420,东华门街道_110101001000,116.411431,39.910804
1421,东华门街道_110101001000,116.411042,39.907662
1422,东华门街道_110101001000,116.411153,39.908103
1423,东华门街道_110101001000,116.411909,39.900628
1424,东华门街道_110101001000,116.411388,39.900429
1425,东华门街道_110101001000,116.411185,39.900305
1426,东华门街道_110101001000,116.411628,39.900012
1427,东华门街道_110101001000,116.411204,39.908653
1428,东华门街道_110101001000,116.411566,39.904576
1429,东华门街道_110101001000,116.411693,39.90414
1430,东华门街道_110101001000,116.411133,39.899697
1431,东华门街道_110101001000,116.410548,39.899681
1432,东华门街道_110101001000,116.409964,39.899665
1433,东华门街道_110101001000,116.409379,39.899649
1434,东华门街道_110101001000,116.408795,39.899625
1435,东华门街道_110101001000,116.408211,39.899602
1436,东华门街道_110101001000,116.407627,39.899585
1437,东华门街道_110101001000,116.407042,39.899567
1438,东华门街道_110101001000,116.406458,39.89955
1439,东华门街道_110101001000,116.405873,39.899533
1440,东华门街道_110101001000,116.405289,39.899514
1441,东华门街道_110101001000,116.404705,39.899492
1442,东华门街道_110101001000,116.404121,39.89947
1443,东华门街道_110101001000,116.403536,39.899449
1444,东华门街道_110101001000,116.402952,39.899427
1445,东华门街道_110101001000,116.402368,39.899405
1446,东华门街道_110101001000,116.401784,39.89939
1447,东华门街道_110101001000,116.401199,39.899387
1448,东华门街道_110101001000,116.400614,39.899385
1449,东华门街道_110101001000,116.400029,39.899366
1450,东华门街道_110101001000,116.399446,39.899344
1451,东华门街道_110101001000,116.398861,39.899323
1452,东华门街道_110101001000,116.398277,39.899301
1453,东华门街道_110101001000,116.397693,39.899279
1454,东华门街道_110101001000,116.397108,39.899268
1455,东华门街道_110101001000,116.396525,39.899242
1456,东华门街道_110101001000,116.395946,39.899181
1457,东华门街道_110101001000,116.39537,39.899102
1458,东华门街道_110101001000,116.394797,39.899013
1459,东华门街道_110101001000,116.394223,39.898925
1460,东华门街道_110101001000,116.39365,39.898837
1461,东华门街道_110101001000,116.393069,39.898795
1462,东华门街道_110101001000,116.392485,39.898779
1463,东华门街道_110101001000,116.3919,39.898764
1464,东华门街道_110101001000,116.391315,39.898749
1465,东华门街道_110101001000,116.390731,39.898734
1466,东华门街道_110101001000,116.390146,39.898718
1467,东华门街道_110101001000,116.389663,39.898842
1468,东华门街道_110101001000,116.38965,39.89929
1469,东华门街道_110101001000,116.389628,39.89974
1470,东华门街道_110101001000,116.389606,39.90019
1471,东华门街道_110101001000,116.389577,39.90064
1472,东华门街道_110101001000,116.389558,39.90109
1473,东华门街道_110101001000,116.389532,39.901538
1474,东华门街道_110101001000,116.38952,39.901989
1475,东华门街道_110101001000,116.389498,39.902439
1476,东华门街道_110101001000,116.389473,39.902889
1477,东华门街道_110101001000,116.38945,39.903339
1478,东华门街道_110101001000,116.389427,39.903789
1479,东华门街道_110101001000,116.389408,39.904239
1480,东华门街道_110101001000,116.389383,39.904689
1481,东华门街道_110101001000,116.389358,39.905139
1482,东华门街道_110101001000,116.389323,39.905589
1483,东华门街道_110101001000,116.389311,39.906039
1484,东华门街道_110101001000,116.389299,39.906489
1485,东华门街道_110101001000,116.388961,39.906675
1486,东华门街道_110101001000,116.388376,39.906658
1487,东华门街道_110101001000,116.387792,39.906641
1488,东华门街道_110101001000,116.387207,39.906624
1489,东华门街道_110101001000,116.386623,39.906607
1490,东华门街道_110101001000,116.386391,39.906883
1491,东华门街道_110101001000,116.386543,39.907295
1492,东华门街道_110101001000,116.386518,39.907745
1493,东华门街道_110101001000,116.386492,39.908195
1494,东华门街道_110101001000,116.386466,39.908645
1495,东华门街道_110101001000,116.38644,39.909095
1496,东华门街道_110101001000,116.386096,39.909292
1497,东华门街道_110101001000,116.385557,39.909319
1498,东华门街道_110101001000,116.385525,39.909769
1499,东华门街道_110101001000,116.385482,39.910218
1500,东华门街道_110101001000,116.385688,39.910494
1501,东华门街道_110101001000,116.38575,39.910882
1502,东华门街道_110101001000,116.385822,39.911268
1503,东华门街道_110101001000,116.386078,39.911527
1504,东华门街道_110101001000,116.38662,39.911585
1505,东华门街道_110101001000,116.386582,39.912035
1506,东华门街道_110101001000,116.386547,39.912484
1507,东华门街道_110101001000,116.386523,39.912934
1508,东华门街道_110101001000,116.386299,39.913223
1509,东华门街道_110101001000,116.386281,39.913674
1510,东华门街道_110101001000,116.386257,39.914124
1511,东华门街道_110101001000,116.386233,39.914574
1512,东华门街道_110101001000,116.386209,39.915024
1513,东华门街道_110101001000,116.386414,39.915317
1514,东华门街道_110101001000,116.386399,39.915768
1515,东华门街道_110101001000,116.386376,39.916218
1516,东华门街道_110101001000,116.386353,39.916668
1517,东华门街道_110101001000,116.38633,39.917118
1518,东华门街道_110101001000,116.386307,39.917568
1519,东华门街道_110101001000,116.386284,39.918018
1520,东华门街道_110101001000,116.386262,39.918468
1521,东华门街道_110101001000,116.38624,39.918918
1522,东华门街道_110101001000,116.386218,39.919368
1523,东华门街道_110101001000,116.386196,39.919819
1524,东华门街道_110101001000,116.386173,39.920269
1525,东华门街道_110101001000,116.386151,39.920719
1526,东华门街道_110101001000,116.386491,39.920919
1527,东华门街道_110101001000,116.387075,39.920943
1528,东华门街道_110101001000,116.387659,39.920966
1529,东华门街道_110101001000,116.388243,39.92099
1530,东华门街道_110101001000,116.388828,39.921013
1531,东华门街道_110101001000,116.389299,39.921103
1532,东华门街道_110101001000,116.389763,39.921198
1533,东华门街道_110101001000,116.390347,39.921222
1534,东华门街道_110101001000,116.390533,39.921532
1535,东华门街道_110101001000,116.390533,39.921983
1536,东华门街道_110101001000,116.391113,39.922008
1537,东华门街道_110101001000,116.391697,39.922029
1538,东华门街道_110101001000,116.392281,39.92205
1539,东华门街道_110101001000,116.392866,39.922071
1540,东华门街道_110101001000,116.393315,39.922236
1541,东华门街道_110101001000,116.393421,39.92258
1542,东华门街道_110101001000,116.393908,39.922668
1543,东华门街道_110101001000,116.394474,39.922721
1544,东华门街道_110101001000,116.394951,39.922646
1545,东华门街道_110101001000,116.395536,39.922658
1546,东华门街道_110101001000,116.396096,39.922661
1547,东华门街道_110101001000,116.396573,39.922747
1548,东华门街道_110101001000,116.396764,39.923016
1549,东华门街道_110101001000,116.397204,39.923147
1550,东华门街道_110101001000,116.397789,39.923156
1551,东华门街道_110101001000,116.398374,39.923165
1552,东华门街道_110101001000,116.398497,39.923505
1553,东华门街道_110101001000,116.399081,39.923506
1554,东华门街道_110101001000,116.39965,39.9235
1555,东华门街道_110101001000,116.39987,39.923216
1556,东华门街道_110101001000,116.400241,39.923056
1557,东华门街道_110101001000,116.400672,39.923171
1558,东华门街道_110101001000,116.400843,39.923481
1559,东华门街道_110101001000,116.401121,39.923716
1560,东华门街道_110101001000,116.401299,39.923872
1561,东华门街道_110101001000,116.401503,39.923748
1562,东华门街道_110101001000,116.401715,39.924044
1563,东华门街道_110101001000,116.40178,39.924455
1564,东华门街道_110101001000,116.402365,39.924468
1565,东华门街道_110101001000,116.40295,39.924479
1566,东华门街道_110101001000,116.403535,39.92449
1567,东华门街道_110101001000,116.403617,39.924104
1568,东华门街道_110101001000,116.40377,39.923771
1569,东华门街道_110101001000,116.403777,39.92332
1570,东华门街道_110101001000,116.404082,39.923108
1571,东华门街道_110101001000,116.404667,39.923119
1572,东华门街道_110101001000,116.404744,39.923518
1573,东华门街道_110101001000,116.40487,39.923878
1574,东华门街道_110101001000,116.405455,39.923883
1575,东华门街道_110101001000,116.40604,39.923888
1576,东华门街道_110101001000,116.406625,39.923893
1577,东华门街道_110101001000,116.40721,39.923898
1578,东华门街道_110101001000,116.40723,39.923461
1579,东华门街道_110101001000,116.407397,39.923132
1580,东华门街道_110101001000,116.407982,39.923136
1581,东华门街道_110101001000,116.408567,39.923139
1582,东华门街道_110101001000,116.408896,39.923342
1583,东华门街道_110101001000,116.4093,39.923304
1584,东华门街道_110101001000,116.409878,39.923281
1585,东华门街道_110101001000,116.410308,39.923287
1586,东华门街道_110101001000,116.410779,39.923237
1587,东华门街道_110101001000,116.411044,39.922984
1588,东华门街道_110101001000,116.411139,39.922741
1589,东华门街道_110101001000,116.410789,39.922557
1590,东华门街道_110101001000,116.411118,39.922357
1591,东华门街道_110101001000,116.410807,39.922259
1592,东华门街道_110101001000,116.410222,39.922259
1593,东华门街道_110101001000,116.409763,39.922164
1594,东华门街道_110101001000,116.409777,39.921714
1595,东华门街道_110101001000,116.410049,39.92146
1596,东华门街道_110101001000,116.410249,39.921257
1597,东华门街道_110101001000,116.410717,39.921158
1598,东华门街道_110101001000,116.410784,39.920745
1599,东华门街道_110101001000,116.411118,39.920555
1600,东华门街道_110101001000,116.410937,39.9203
1601,东华门街道_110101001000,116.410699,39.920229
1602,东华门街道_110101001000,116.410897,39.92007
1603,东华门街道_110101001000,116.411056,39.919856
1604,东华门街道_110101001000,116.410544,39.919841
1605,东华门街道_110101001000,116.410481,39.919481
1606,东华门街道_110101001000,116.410558,39.919084
1607,东华门街道_110101001000,116.411114,39.919064
1608,东华门街道_110101001000,116.411072,39.91868
1609,东华门街道_110101001000,116.411205,39.918327
1610,东华门街道_110101001000,116.411224,39.917877
1611,东华门街道_110101001000,116.411093,39.917468
1612,东华门街道_110101001000,116.410959,39.917132
1613,东华门街道_110101001000,116.410911,39.917001
1614,东华门街道_110101001000,116.410942,39.916768
1615,东华门街道_110101001000,116.411115,39.916451
1616,东华门街道_110101001000,116.411262,39.91616
1617,东华门街道_110101001000,116.410971,39.915925
1618,东华门街道_110101001000,116.411292,39.915723
1619,东华门街道_110101001000,116.411316,39.915273
1620,东华门街道_110101001000,116.410987,39.915075
1621,东华门街道_110101001000,116.410999,39.914883
1622,东华门街道_110101001000,116.410801,39.914592
1623,东华门街道_110101001000,116.410774,39.914161
1624,东华门街道_110101001000,116.410793,39.913711
1625,东华门街道_110101001000,116.410958,39.913369
1626,东华门街道_110101001000,116.411336,39.913203
1627,东华门街道_110101001000,116.411475,39.912852
1628,东华门街道_110101001000,116.411486,39.912402
1629,东华门街道_110101001000,116.411504,39.911951
1630,东华门街道_110101001000,116.411522,39.911501
1631,东华门街道_110101001000,116.411546,39.911051
1632,东华门街道_110101001000,116.41148,39.910667
1633,东华门街道_110101001000,116.411065,39.910535
1634,东华门街道_110101001000,116.411082,39.910084
1635,东华门街道_110101001000,116.4111,39.909634
1636,东华门街道_110101001000,116.411013,39.909304
1637,东华门街道_110101001000,116.411503,39.909233
1638,东华门街道_110101001000,116.411463,39.908786
1639,东华门街道_110101001000,116.411491,39.908337
1640,东华门街道_110101001000,116.411412,39.907891
1641,东华门街道_110101001000,116.411425,39.907441
1642,东华门街道_110101001000,116.411475,39.906992
1643,东华门街道_110101001000,116.411565,39.906547
1644,东华门街道_110101001000,116.411583,39.906097
1645,东华门街道_110101001000,116.411614,39.905647
1646,东华门街道_110101001000,116.411639,39.905197
1647,东华门街道_110101001000,116.411727,39.904754
1648,东华门街道_110101001000,116.411755,39.904305
1649,东华门街道_110101001000,116.411773,39.903855
1650,东华门街道_110101001000,116.411787,39.903404
1651,东华门街道_110101001000,116.411803,39.902954
1652,东华门街道_110101001000,116.411847,39.902506
1653,东华门街道_110101001000,116.411911,39.902059
1654,东华门街道_110101001000,116.411925,39.901608
1655,东华门街道_110101001000,116.41194,39.901158
1656,东华门街道_110101001000,116.411956,39.900708
1657,东华门街道_110101001000,116.411966,39.900257
1658,东华门街道_110101001000,116.411934,39.899808
1659,东华门街道_110101001000,116.41146,39.899704
