﻿ID,Area,Longitude,Latitude,mc_x,mc_y
0,潘家园街道_110105018000,116.438339,39.873484,12963423.289565697,4820956.161658332
1,潘家园街道_110105018000,116.43804,39.873099,12963389.930604208,4820901.20316671
2,潘家园街道_110105018000,116.437919,39.87266,12963376.441255746,4820837.987989645
3,潘家园街道_110105018000,116.43783,39.872215,12963366.530466665,4820773.927460532
4,潘家园街道_110105018000,116.437874,39.871769,12963371.423397282,4820709.411782149
5,潘家园街道_110105018000,116.439155,39.875148,12963514.322329924,4821194.875216207
6,潘家园街道_110105018000,116.438684,39.874885,12963461.768938592,4821157.850653968
7,潘家园街道_110105018000,116.438412,39.874497,12963431.41873926,4821102.361023351
8,潘家园街道_110105018000,116.438322,39.874047,12963421.42276319,4821037.514426769
9,潘家园街道_110105018000,116.438454,39.873749,12963436.143757978,4820994.231770554
10,潘家园街道_110105018000,116.439805,39.876587,12963586.805063317,4821401.456565805
11,潘家园街道_110105018000,116.439609,39.876163,12963564.959156346,4821340.588481234
12,潘家园街道_110105018000,116.439396,39.875743,12963541.200507035,4821280.303825503
13,潘家园街道_110105018000,116.439198,39.875321,12963519.13817236,4821219.760733875
14,潘家园街道_110105018000,116.439155,39.875148,12963514.322329924,4821194.875216207
15,潘家园街道_110105018000,116.444705,39.874854,12964133.029254118,4821142.486492265
16,潘家园街道_110105018000,116.44412,39.874856,12964067.85150052,4821143.685704226
17,潘家园街道_110105018000,116.443536,39.87485,12964002.814629897,4821143.748569147
18,潘家园街道_110105018000,116.442952,39.874844,12963937.736833388,4821143.812935265
19,潘家园街道_110105018000,116.442368,39.874838,12963872.64858015,4821143.956082404
20,潘家园街道_110105018000,116.441783,39.874832,12963807.428852022,4821144.139717772
21,潘家园街道_110105018000,116.441199,39.874825,12963742.29005409,4821144.164194325
22,潘家园街道_110105018000,116.440615,39.874819,12963677.202042539,4821144.420856148
23,潘家园街道_110105018000,116.440031,39.874812,12963612.07420751,4821144.518217852
24,潘家园街道_110105018000,116.439481,39.874949,12963550.692482753,4821165.439724897
25,潘家园街道_110105018000,116.439715,39.877729,12963576.743819019,4821566.64696871
26,潘家园街道_110105018000,116.440185,39.877997,12963629.128520004,4821604.427984146
27,潘家园街道_110105018000,116.439805,39.876587,12963586.805063317,4821401.456565805
28,潘家园街道_110105018000,116.439656,39.87702,12963570.167373857,4821464.30797489
29,潘家园街道_110105018000,116.439678,39.87747,12963572.602172546,4821529.286058574
30,潘家园街道_110105018000,116.440301,39.878064,12963642.072096502,4821613.869340136
31,潘家园街道_110105018000,116.440885,39.878061,12963707.195975179,4821612.338520608
32,潘家园街道_110105018000,116.441469,39.878057,12963772.340567432,4821610.647951929
33,潘家园街道_110105018000,116.442053,39.878053,12963837.444942854,4821608.99534808
34,潘家园街道_110105018000,116.444686,39.87013,12964130.95168814,4820460.038345874
35,潘家园街道_110105018000,116.44469,39.87058,12964131.40161802,4820525.051637922
36,潘家园街道_110105018000,116.444695,39.87103,12964131.941241268,4820590.024665657
37,潘家园街道_110105018000,116.444699,39.87148,12964132.388847036,4820655.037789499
38,潘家园街道_110105018000,116.444703,39.87193,12964132.83529579,4820720.050831358
39,潘家园街道_110105018000,116.444707,39.87238,12964133.250307513,4820785.064122152
40,潘家园街道_110105018000,116.444711,39.87283,12964133.724740569,4820850.076677192
41,潘家园街道_110105018000,116.444716,39.87328,12964134.288884778,4820915.088171173
42,潘家园街道_110105018000,116.44472,39.87373,12964134.700471576,4820980.101236465
43,潘家园街道_110105018000,116.444722,39.87418,12964134.929224113,4821045.116202747
44,潘家园街道_110105018000,116.444713,39.87463,12964133.915198363,4821110.144573618
45,潘家园街道_110105018000,116.444713,39.874861,12964133.937539611,4821143.495584856
46,潘家园街道_110105018000,116.444713,39.874861,12964133.937539611,4821143.495584856
47,潘家园街道_110105018000,116.444735,39.875311,12964136.374244828,4821208.486414812
48,潘家园街道_110105018000,116.444731,39.875761,12964135.902561259,4821273.508708209
49,潘家园街道_110105018000,116.444732,39.876211,12964136.005177263,4821338.563904025
50,潘家园街道_110105018000,116.444734,39.876661,12964136.19757812,4821403.578875524
51,潘家园街道_110105018000,116.444787,39.877107,12964142.082500076,4821467.905246408
52,潘家园街道_110105018000,116.444713,39.874861,12964133.937539611,4821143.495584856
53,潘家园街道_110105018000,116.445298,39.874862,12964199.043411199,4821142.809762502
54,潘家园街道_110105018000,116.445881,39.874867,12964263.956301035,4821142.716811334
55,潘家园街道_110105018000,116.446465,39.874869,12964328.979061259,4821142.273699503
56,潘家园街道_110105018000,116.447049,39.874875,12964393.990199545,4821142.422800397
57,潘家园街道_110105018000,116.44761,39.874761,12964456.391707882,4821125.274118357
58,潘家园街道_110105018000,116.444725,39.87856,12964135.134214398,4821677.923414681
59,潘家园街道_110105018000,116.444729,39.878109,12964135.582248539,4821612.784130666
60,潘家园街道_110105018000,116.444753,39.87766,12964138.30047806,4821547.855381212
61,潘家园街道_110105018000,116.446799,39.877338,12964366.074429609,4821498.584980633
62,潘家园街道_110105018000,116.446225,39.877268,12964302.18151188,4821489.195347254
63,潘家园街道_110105018000,116.445645,39.877318,12964237.605709078,4821497.215521975
64,潘家园街道_110105018000,116.445062,39.877332,12964172.717712669,4821500.029482694
65,潘家园街道_110105018000,116.446423,39.871962,12964324.335565183,4820722.307121096
66,潘家园街道_110105018000,116.447008,39.871962,12964389.468778115,4820721.589867032
67,潘家园街道_110105018000,116.447592,39.871969,12964454.438908879,4820721.9369151145
68,潘家园街道_110105018000,116.446909,39.877924,12964378.302647963,4821583.133073076
69,潘家园街道_110105018000,116.446862,39.877477,12964373.119496848,4821518.590804484
70,潘家园街道_110105018000,116.448423,39.87606,12964546.802582912,4821312.121079543
71,潘家园街道_110105018000,116.448042,39.876399,12964504.43512184,4821361.477238459
72,潘家园街道_110105018000,116.447625,39.876714,12964458.008545374,4821407.473368675
73,潘家园街道_110105018000,116.447209,39.877029,12964411.72677037,4821453.451786975
74,潘家园街道_110105018000,116.44808,39.873781,12964508.70493707,4820983.2181601925
75,潘家园街道_110105018000,116.447678,39.873455,12964463.996413639,4820936.552616926
76,潘家园街道_110105018000,116.447884,39.872016,12964486.903631778,4820728.397757166
77,潘家园街道_110105018000,116.448857,39.872017,12964595.141303988,4820727.558102813
78,潘家园街道_110105018000,116.448278,39.872074,12964530.770284293,4820736.35936828
79,潘家园街道_110105018000,116.44848,39.874863,12964553.170644987,4821139.091787893
80,潘家园街道_110105018000,116.44808,39.873781,12964508.70493707,4820983.2181601925
81,潘家园街道_110105018000,116.448071,39.874231,12964507.692941876,4821048.242734905
82,潘家园街道_110105018000,116.44808,39.873781,12964508.70493707,4820983.2181601925
83,潘家园街道_110105018000,116.448408,39.873409,12964545.199388115,4820929.081857938
84,潘家园街道_110105018000,116.44848,39.874863,12964553.170644987,4821139.091787893
85,潘家园街道_110105018000,116.448463,39.875314,12964551.309060307,4821204.27804743
86,潘家园街道_110105018000,116.448452,39.875764,12964550.051407954,4821269.303542376
87,潘家园街道_110105018000,116.449899,39.87487,12964710.97881843,4821138.820378155
88,潘家园街道_110105018000,116.449315,39.874875,12964646.025094042,4821140.059011621
89,潘家园街道_110105018000,116.448731,39.874868,12964581.089993177,4821139.57955178
90,潘家园街道_110105018000,116.449463,39.872782,12964662.537528498,4820837.494428044
91,潘家园街道_110105018000,116.44894,39.872984,12964604.375444073,4820867.1787714
92,潘家园街道_110105018000,116.448857,39.872017,12964595.141303988,4820727.558102813
93,潘家园街道_110105018000,116.449314,39.872297,12964645.976049567,4820767.5505934525
94,潘家园街道_110105018000,116.448857,39.872017,12964595.141303988,4820727.558102813
95,潘家园街道_110105018000,116.448879,39.871567,12964597.599256871,4820662.486077772
96,潘家园街道_110105018000,116.448912,39.871118,12964601.265847964,4820597.602689559
97,潘家园街道_110105018000,116.448978,39.870943,12964608.617837192,4820572.280404462
98,潘家园街道_110105018000,116.449544,39.870848,12964671.553469332,4820558.014564716
99,潘家园街道_110105018000,116.450127,39.87082,12964736.381649459,4820553.463217107
100,潘家园街道_110105018000,116.449463,39.872782,12964662.537528498,4820837.494428044
101,潘家园街道_110105018000,116.449748,39.873174,12964694.218490249,4820893.882312731
102,潘家园街道_110105018000,116.450014,39.873575,12964723.779007357,4820951.584290348
103,潘家园街道_110105018000,116.450368,39.873933,12964763.132603953,4821003.061255578
104,潘家园街道_110105018000,116.449463,39.872782,12964662.537528498,4820837.494428044
105,潘家园街道_110105018000,116.449535,39.872442,12964670.52854377,4820788.345672346
106,潘家园街道_110105018000,116.452779,39.872322,12965031.012584403,4820768.813704701
107,潘家园街道_110105018000,116.452194,39.872315,12964966.028942417,4820768.138401466
108,潘家园街道_110105018000,116.45161,39.872323,12964901.183716968,4820769.586744741
109,潘家园街道_110105018000,116.451026,39.872331,12964836.265747175,4820771.1210664185
110,潘家园街道_110105018000,116.450442,39.872338,12964771.365769438,4820772.5449742135
111,潘家园街道_110105018000,116.449858,39.872358,12964706.45332952,4820775.896250933
112,潘家园街道_110105018000,116.449899,39.87487,12964710.97881843,4821138.820378155
113,潘家园街道_110105018000,116.449881,39.87532,12964708.966914197,4821203.84745782
114,潘家园街道_110105018000,116.449933,39.875767,12964714.754982717,4821268.366475492
115,潘家园街道_110105018000,116.449899,39.87487,12964710.97881843,4821138.820378155
116,潘家园街道_110105018000,116.450303,39.874544,12964755.887876742,4821091.428436374
117,潘家园街道_110105018000,116.450436,39.877563,12964770.606783303,4821527.478637343
118,潘家园街道_110105018000,116.450092,39.8772,12964732.379937388,4821475.327355729
119,潘家园街道_110105018000,116.449935,39.87677,12964714.923951028,4821413.292416882
120,潘家园街道_110105018000,116.449948,39.87632,12964716.395081323,4821348.268240171
121,潘家园街道_110105018000,116.450073,39.876032,12964730.315373542,4821306.582360212
122,潘家园街道_110105018000,116.450657,39.876027,12964795.19292278,4821305.36454311
123,潘家园街道_110105018000,116.451241,39.876027,12964860.088268891,4821304.976693744
124,潘家园街道_110105018000,116.451814,39.876093,12964923.759914095,4821314.161693075
125,潘家园街道_110105018000,116.454738,39.880182,12965248.261144953,4821903.794008961
126,潘家园街道_110105018000,116.454153,39.880191,12965183.318340538,4821905.2732262965
127,潘家园街道_110105018000,116.453569,39.880195,12965118.48426273,4821905.976517059
128,潘家园街道_110105018000,116.452984,39.880199,12965053.547149254,4821906.805224408
129,潘家园街道_110105018000,116.452399,39.880204,12964988.567348843,4821907.837776532
130,潘家园街道_110105018000,116.451815,39.880208,12964923.696123851,4821908.681870279
131,潘家园街道_110105018000,116.451231,39.880213,12964858.81248086,4821909.807789591
132,潘家园街道_110105018000,116.450646,39.880217,12964793.825981595,4821910.7454321245
133,潘家园街道_110105018000,116.4501,39.880134,12964733.125939684,4821899.168707887
134,潘家园街道_110105018000,116.44998,39.879696,12964719.819073414,4821836.016673948
135,潘家园街道_110105018000,116.449972,39.879246,12964718.938519984,4821771.003933995
136,潘家园街道_110105018000,116.449965,39.878796,12964718.177912904,4821705.990615424
137,潘家园街道_110105018000,116.449966,39.878346,12964718.32336508,4821640.972965197
138,潘家园街道_110105018000,116.450124,39.877915,12964735.912346324,4821578.538928472
139,潘家园街道_110105018000,116.450436,39.877563,12964770.606783303,4821527.478637343
140,潘家园街道_110105018000,116.45102,39.877549,12964835.507456755,4821525.035359043
141,潘家园街道_110105018000,116.450717,39.874218,12964801.908989482,4821043.975848714
142,潘家园街道_110105018000,116.450683,39.873489,12964798.121628122,4820938.645632457
143,潘家园街道_110105018000,116.450599,39.873935,12964788.798321549,4821003.151224269
144,潘家园街道_110105018000,116.45122,39.874206,12964857.796998246,4821041.857812583
145,潘家园街道_110105018000,116.45122,39.874206,12964857.796998246,4821041.857812583
146,潘家园街道_110105018000,116.451153,39.873759,12964850.37540145,4820977.374049581
147,潘家园街道_110105018000,116.451317,39.874208,12964868.556288315,4821042.137232594
148,潘家园街道_110105018000,116.451317,39.874208,12964868.556288315,4821042.137232594
149,潘家园街道_110105018000,116.451901,39.874205,12964933.468077546,4821041.3315713275
150,潘家园街道_110105018000,116.451317,39.874208,12964868.556288315,4821042.137232594
151,潘家园街道_110105018000,116.451371,39.87376,12964874.614221016,4820977.336220052
152,潘家园街道_110105018000,116.451959,39.877184,12964939.816976115,4821471.708308536
153,潘家园街道_110105018000,116.451542,39.8775,12964893.507439002,4821517.641384028
154,潘家园街道_110105018000,116.451959,39.877184,12964939.816976115,4821471.708308536
155,潘家园街道_110105018000,116.451964,39.876733,12964940.41190968,4821406.533032495
156,潘家园街道_110105018000,116.451976,39.876283,12964941.761124833,4821341.512738371
157,潘家园街道_110105018000,116.453345,39.877013,12965093.77179077,4821446.361695394
158,潘家园街道_110105018000,116.452802,39.877173,12965033.474747598,4821469.69775467
159,潘家园街道_110105018000,116.452218,39.877182,12964968.611870829,4821471.254186667
160,潘家园街道_110105018000,116.452266,39.876073,12964973.978679672,4821311.032505993
161,潘家园街道_110105018000,116.452069,39.870163,12964952.161688296,4820457.225517385
162,潘家园街道_110105018000,116.452654,39.870155,12965017.117957726,4820455.813690123
163,潘家园街道_110105018000,116.452303,39.874179,12964978.126293112,4821037.355924483
164,潘家园街道_110105018000,116.452208,39.874623,12964967.567483187,4821101.571024792
165,潘家园街道_110105018000,116.452761,39.871668,12965029.031204537,4820674.326799568
166,潘家园街道_110105018000,116.452343,39.871354,12964982.60301937,4820629.174084971
167,潘家园街道_110105018000,116.453353,39.873143,12965094.72671431,4820887.227159465
168,潘家园街道_110105018000,116.452776,39.873072,12965030.663139174,4820877.177086914
169,潘家园街道_110105018000,116.4522,39.872994,12964966.708485555,4820866.231925134
170,潘家园街道_110105018000,116.452266,39.876073,12964973.978679672,4821311.032505993
171,潘家园街道_110105018000,116.452846,39.876075,12965038.386934787,4821311.0089012785
172,潘家园街道_110105018000,116.452668,39.874093,12965018.672083734,4821024.747128972
173,潘家园街道_110105018000,116.452668,39.874093,12965018.672083734,4821024.747128972
174,潘家园街道_110105018000,116.452753,39.874538,12965028.083011068,4821089.006882946
175,潘家园街道_110105018000,116.453639,39.873654,12965126.484469613,4820960.971016114
176,潘家园街道_110105018000,116.453141,39.873891,12965071.177663837,4820995.371882095
177,潘家园街道_110105018000,116.453744,39.869933,12965138.146822836,4820423.307074068
178,潘家园街道_110105018000,116.453185,39.870059,12965076.112398086,4820441.67709814
179,潘家园街道_110105018000,116.452779,39.872322,12965031.012584403,4820768.813704701
180,潘家园街道_110105018000,116.452773,39.871871,12965030.356785959,4820703.679129284
181,潘家园街道_110105018000,116.45372,39.87122,12965135.505677659,4820609.230346274
182,潘家园街道_110105018000,116.45319,39.871403,12965076.640387971,4820635.908037131
183,潘家园街道_110105018000,116.452779,39.872322,12965031.012584403,4820768.813704701
184,潘家园街道_110105018000,116.453053,39.872719,12965061.422072273,4820826.076244202
185,潘家园街道_110105018000,116.453333,39.873115,12965092.522638608,4820883.19184222
186,潘家园街道_110105018000,116.453382,39.876738,12965097.891890332,4821406.580847596
187,潘家园街道_110105018000,116.453169,39.87632,12965074.261125876,4821346.322074191
188,潘家园街道_110105018000,116.453655,39.873486,12965128.240718247,4820936.633089257
189,潘家园街道_110105018000,116.453345,39.877013,12965093.77179077,4821446.361695394
190,潘家园街道_110105018000,116.453355,39.87698,12965094.860612197,4821441.579790989
191,潘家园街道_110105018000,116.45401,39.87696,12965167.581145586,4821438.470008643
192,潘家园街道_110105018000,116.453426,39.876978,12965102.743442344,4821441.261925358
193,潘家园街道_110105018000,116.454764,39.879162,12965251.220268888,4821756.441029198
194,潘家园街道_110105018000,116.454179,39.879169,12965186.278210929,4821757.565431226
195,潘家园街道_110105018000,116.453595,39.879177,12965121.444446212,4821758.932861722
196,潘家园街道_110105018000,116.453373,39.876889,12965096.888360783,4821428.410573167
197,潘家园街道_110105018000,116.453373,39.876889,12965096.888360783,4821428.410573167
198,潘家园街道_110105018000,116.453957,39.876872,12965161.72712446,4821425.771176761
199,潘家园街道_110105018000,116.453382,39.876799,12965097.889134325,4821415.3987318585
200,潘家园街道_110105018000,116.453458,39.876708,12965106.319515172,4821402.265550986
201,潘家园街道_110105018000,116.453382,39.876799,12965097.889134325,4821415.3987318585
202,潘家园街道_110105018000,116.453966,39.876781,12965162.727735857,4821412.6424848465
203,潘家园街道_110105018000,116.453458,39.876708,12965106.319515172,4821402.265550986
204,潘家园街道_110105018000,116.454042,39.876689,12965171.156559011,4821399.319450812
205,潘家园街道_110105018000,116.4539,39.873811,12965155.440149719,4820983.542581016
206,潘家园街道_110105018000,116.453655,39.873486,12965128.240718247,4820936.633089257
207,潘家园街道_110105018000,116.453655,39.873486,12965128.240718247,4820936.633089257
208,潘家园街道_110105018000,116.45407,39.873169,12965174.330297546,4820890.742133068
209,潘家园街道_110105018000,116.454434,39.872817,12965214.737890948,4820839.775637671
210,潘家园街道_110105018000,116.453744,39.869933,12965138.146822836,4820423.307074068
211,潘家园街道_110105018000,116.453726,39.869482,12965136.156316156,4820358.132228152
212,潘家园街道_110105018000,116.454804,39.871225,12965255.826452142,4820609.685906247
213,潘家园街道_110105018000,116.454219,39.87122,12965190.885738859,4820609.08279385
214,潘家园街道_110105018000,116.453744,39.869933,12965138.146822836,4820423.307074068
215,潘家园街道_110105018000,116.454304,39.870062,12965200.318985993,4820441.780674175
216,潘家园街道_110105018000,116.454979,39.874852,12965275.177303951,4821133.69381157
217,潘家园街道_110105018000,116.454645,39.874482,12965238.14912162,4821080.310337611
218,潘家园街道_110105018000,116.454293,39.874122,12965199.062720686,4821028.351817996
219,潘家园街道_110105018000,116.4539,39.873811,12965155.440149719,4820983.542581016
220,潘家园街道_110105018000,116.454475,39.873728,12965219.273045491,4820971.382115291
221,潘家园街道_110105018000,116.455048,39.873638,12965282.852608968,4820958.28699624
222,潘家园街道_110105018000,116.454999,39.876302,12965277.38505235,4821343.171225576
223,潘家园街道_110105018000,116.454428,39.8764,12965214.014151389,4821357.445955903
224,潘家园街道_110105018000,116.454994,39.877343,12965276.764232056,4821493.583902689
225,潘家园街道_110105018000,116.45441,39.877349,12965211.978115214,4821494.572391363
226,潘家园街道_110105018000,116.455003,39.876394,12965277.833897976,4821356.457501465
227,潘家园街道_110105018000,116.454432,39.876492,12965214.463021263,4821370.771099849
228,潘家园街道_110105018000,116.455003,39.8766,12965277.824887851,4821386.242367923
229,潘家园街道_110105018000,116.454419,39.876622,12965213.008093597,4821389.54234011
230,潘家园街道_110105018000,116.454222,39.876721,12965191.11384973,4821403.872916554
231,潘家园街道_110105018000,116.454807,39.876719,12965256.05468692,4821403.45735567
232,潘家园街道_110105018000,116.454244,39.876811,12965193.585669164,4821416.885417512
233,潘家园街道_110105018000,116.454828,39.876809,12965258.375095155,4821416.471465926
234,潘家园街道_110105018000,116.455015,39.877253,12965279.123061875,4821480.576047952
235,潘家园街道_110105018000,116.454431,39.877259,12965214.307205899,4821481.562811591
236,潘家园街道_110105018000,116.454277,39.876901,12965197.23498004,4821429.859432764
237,潘家园街道_110105018000,116.454861,39.876899,12965262.053897912,4821429.448162353
238,潘家园街道_110105018000,116.454335,39.876991,12965203.661936605,4821442.874466063
239,潘家园街道_110105018000,116.454919,39.876988,12965268.479678571,4821442.311087096
240,潘家园街道_110105018000,116.454418,39.870086,12965212.969436023,4820445.237744259
241,潘家园街道_110105018000,116.454628,39.872574,12965236.269476578,4820804.600741967
242,潘家园街道_110105018000,116.454628,39.872574,12965236.269476578,4820804.600741967
243,潘家园街道_110105018000,116.455212,39.872569,12965301.080959123,4820803.825682394
244,潘家园街道_110105018000,116.455005,39.871836,12965278.124803789,4820697.934563136
245,潘家园街道_110105018000,116.454809,39.87226,12965256.351791274,4820759.239579786
246,潘家园街道_110105018000,116.454689,39.872483,12965243.03391803,4820791.478672643
247,潘家园街道_110105018000,116.455273,39.872479,12965307.844096117,4820790.786883924
248,潘家园街道_110105018000,116.454804,39.871225,12965255.826452142,4820609.685906247
249,潘家园街道_110105018000,116.454944,39.871662,12965271.335901769,4820672.803515301
250,潘家园街道_110105018000,116.454804,39.871225,12965255.826452142,4820609.685906247
251,潘家园街道_110105018000,116.454877,39.87078,12965263.92263898,4820545.3833485115
252,潘家园街道_110105018000,116.454738,39.880182,12965248.261144953,4821903.794008961
253,潘家园街道_110105018000,116.454837,39.880622,12965259.252006017,4821967.334828996
254,潘家园街道_110105018000,116.454806,39.881072,12965255.750948913,4822032.386813817
255,潘家园街道_110105018000,116.454738,39.880182,12965248.261144953,4821903.794008961
256,潘家园街道_110105018000,116.454877,39.879749,12965263.71376133,4821841.225399025
257,潘家园街道_110105018000,116.454813,39.879303,12965256.615838578,4821776.787292526
258,潘家园街道_110105018000,116.455032,39.878824,12965280.943560874,4821707.531253228
259,潘家园街道_110105018000,116.454858,39.870356,12965261.814058317,4820484.124836071
260,潘家园街道_110105018000,116.454979,39.874852,12965275.177303951,4821133.69381157
261,潘家园街道_110105018000,116.455563,39.874855,12965339.981166292,4821134.044266561
262,潘家园街道_110105018000,116.456148,39.874857,12965404.863258451,4821134.2849693475
263,潘家园街道_110105018000,116.456732,39.874856,12965469.64260123,4821134.219362812
264,潘家园街道_110105018000,116.457317,39.874857,12965534.500145659,4821134.396506356
265,潘家园街道_110105018000,116.457901,39.874857,12965599.255032348,4821134.501923899
266,潘家园街道_110105018000,116.458486,39.874858,12965664.088233026,4821134.810512202
267,潘家园街道_110105018000,116.45907,39.874847,12965728.789219348,4821133.400437934
268,潘家园街道_110105018000,116.454979,39.874852,12965275.177303951,4821133.69381157
269,潘家园街道_110105018000,116.454982,39.875302,12965275.523306912,4821198.711724315
270,潘家园街道_110105018000,116.454981,39.875752,12965275.385229256,4821263.728892456
271,潘家园街道_110105018000,116.455005,39.871836,12965278.124803789,4820697.934563136
272,潘家园街道_110105018000,116.45559,39.871825,12965343.018943638,4820696.249348788
273,潘家园街道_110105018000,116.456174,39.871827,12965407.77977738,4820696.570211073
274,潘家园街道_110105018000,116.454999,39.876302,12965277.38505235,4821343.171225576
275,潘家园街道_110105018000,116.454999,39.876302,12965277.38505235,4821343.171225576
276,潘家园街道_110105018000,116.454994,39.877343,12965276.764232056,4821493.583902689
277,潘家园街道_110105018000,116.454994,39.877792,12965276.772285787,4821558.444315656
278,潘家园街道_110105018000,116.454994,39.877343,12965276.764232056,4821493.583902689
279,潘家园街道_110105018000,116.455003,39.876394,12965277.833897976,4821356.457501465
280,潘家园街道_110105018000,116.455003,39.8766,12965277.824887851,4821386.242367923
281,潘家园街道_110105018000,116.455005,39.876809,12965278.026832934,4821416.419437051
282,潘家园街道_110105018000,116.455005,39.876809,12965278.026832934,4821416.419437051
283,潘家园街道_110105018000,116.455007,39.876899,12965278.234029971,4821429.431020491
284,潘家园街道_110105018000,116.455009,39.876987,12965278.471470844,4821442.129122002
285,潘家园街道_110105018000,116.455011,39.877073,12965278.678773837,4821454.552844511
286,潘家园街道_110105018000,116.455015,39.877253,12965279.123061875,4821480.576047952
287,潘家园街道_110105018000,116.455016,39.877262,12965279.213192884,4821481.869469322
288,潘家园街道_110105018000,116.455024,39.877913,12965280.086609626,4821575.928131549
289,潘家园街道_110105018000,116.455032,39.878824,12965280.943560874,4821707.531253228
290,潘家园街道_110105018000,116.455032,39.878824,12965280.943560874,4821707.531253228
291,潘家园街道_110105018000,116.455137,39.878382,12965292.61921364,4821643.668762844
292,潘家园街道_110105018000,116.45638,39.878384,12965430.505619783,4821643.879708048
293,潘家园街道_110105018000,116.455805,39.878319,12965366.71822069,4821634.530834185
294,潘家园街道_110105018000,116.455221,39.878334,12965301.91856151,4821636.747530708
295,潘家园街道_110105018000,116.45586,39.878864,12965372.81464332,4821713.279743571
296,潘家园街道_110105018000,116.455276,39.87888,12965308.016061023,4821715.609588286
297,潘家园街道_110105018000,116.455305,39.870129,12965311.41059753,4820451.241611617
298,潘家园街道_110105018000,116.455881,39.870075,12965375.302759653,4820443.424875659
299,潘家园街道_110105018000,116.456465,39.870078,12965440.057480182,4820443.847325361
300,潘家园街道_110105018000,116.45638,39.878384,12965430.505619783,4821643.879708048
301,潘家园街道_110105018000,116.456481,39.871879,12965441.844289958,4820704.043153829
302,潘家园街道_110105018000,116.456592,39.872322,12965454.14546958,4820768.043994555
303,潘家园街道_110105018000,116.456775,39.871662,12965474.462059187,4820672.724550767
304,潘家园街道_110105018000,116.456619,39.87243,12965457.160238866,4820783.652337405
305,潘家园街道_110105018000,116.457183,39.872533,12965519.695262766,4820798.585847479
306,潘家园街道_110105018000,116.457747,39.872635,12965582.218878692,4820813.444877008
307,潘家园街道_110105018000,116.457031,39.878427,12965502.698741756,4821650.171295972
308,潘家园街道_110105018000,116.456702,39.870077,12965466.366257064,4820443.701570465
309,潘家园街道_110105018000,116.457221,39.870281,12965523.89284572,4820473.238764611
310,潘家园街道_110105018000,116.456775,39.871662,12965474.462059187,4820672.724550767
311,潘家园街道_110105018000,116.457053,39.871266,12965505.299391955,4820615.505287139
312,潘家园街道_110105018000,116.457031,39.878427,12965502.698741756,4821650.171295972
313,潘家园街道_110105018000,116.457115,39.878359,12965511.99346784,4821640.332448922
314,潘家园街道_110105018000,116.457656,39.878197,12965571.995850867,4821617.041840386
315,潘家园街道_110105018000,116.457408,39.870394,12965544.6141028,4820489.592090269
316,潘家园街道_110105018000,116.457407,39.870844,12965544.54883806,4820554.609982955
317,潘家园街道_110105018000,116.461615,39.870139,12966010.680255564,4820454.572150815
318,潘家园街道_110105018000,116.461056,39.870018,12965948.803468168,4820436.726817352
319,潘家园街道_110105018000,116.460472,39.870013,12965884.112838287,4820435.633413014
320,潘家园街道_110105018000,116.459888,39.870013,12965819.470802402,4820435.329242155
321,潘家园街道_110105018000,116.459304,39.870013,12965754.756731706,4820435.069202932
322,潘家园街道_110105018000,116.45872,39.870012,12965690.06093716,4820434.736812993
323,潘家园街道_110105018000,116.458142,39.870068,12965625.986005783,4820442.644129099
324,潘家园街道_110105018000,116.457621,39.870267,12965568.261936927,4820471.279529641
325,潘家园街道_110105018000,116.458021,39.871515,12965612.579410989,4820651.658955087
326,潘家园街道_110105018000,116.457677,39.871151,12965574.464787073,4820599.032749992
327,潘家园街道_110105018000,116.457808,39.872658,12965588.973978361,4820816.76974195
328,潘家园街道_110105018000,116.458021,39.871515,12965612.579410989,4820651.658955087
329,潘家园街道_110105018000,116.458239,39.871586,12965636.763044255,4820661.9764901595
330,潘家园街道_110105018000,116.458183,39.872034,12965630.543179134,4820726.725830313
331,潘家园街道_110105018000,116.458354,39.871609,12965649.517803274,4820665.338545703
332,潘家园街道_110105018000,116.458272,39.872547,12965640.393231917,4820800.8500940995
333,潘家园街道_110105018000,116.458389,39.872539,12965653.389643734,4820799.70703913
334,潘家园街道_110105018000,116.458354,39.871609,12965649.517803274,4820665.338545703
335,潘家园街道_110105018000,116.458506,39.872541,12965666.325040461,4820800.054733128
336,潘家园街道_110105018000,116.458469,39.871623,12965662.24208951,4820667.408896066
337,潘家园街道_110105018000,116.458864,39.872518,12965706.003311088,4820796.842294896
338,潘家园街道_110105018000,116.458585,39.871636,12965675.086537883,4820669.285755785
339,潘家园街道_110105018000,116.458864,39.872518,12965706.003311088,4820796.842294896
340,潘家园街道_110105018000,116.459424,39.872643,12965768.040818539,4820815.117124101
341,潘家园街道_110105018000,116.458873,39.871674,12965707.014587596,4820674.925204251
342,潘家园街道_110105018000,116.458868,39.872124,12965706.433542395,4820739.900396904
343,潘家园街道_110105018000,116.458873,39.871674,12965707.014587596,4820674.925204251
344,潘家园街道_110105018000,116.45916,39.87201,12965738.813760595,4820723.567462725
345,潘家园街道_110105018000,116.45951,39.872685,12965777.565008366,4820821.218193317
346,潘家园街道_110105018000,116.459525,39.874119,12965779.214597253,4821028.432104062
347,潘家园街道_110105018000,116.459486,39.87367,12965774.9174764,4820963.5413672
348,潘家园街道_110105018000,116.459481,39.87322,12965774.356920853,4820898.519749241
349,潘家园街道_110105018000,116.459503,39.87277,12965776.779347297,4820833.518710993
350,潘家园街道_110105018000,116.461449,39.872605,12965992.29732356,4820810.766080703
351,潘家园街道_110105018000,116.460865,39.872602,12965927.64460419,4820809.957008879
352,潘家园街道_110105018000,116.46028,39.872601,12965862.889890568,4820809.465342084
353,潘家园街道_110105018000,116.459701,39.872647,12965798.725230122,4820815.80242729
354,潘家园街道_110105018000,116.459539,39.874742,12965780.761760877,4821118.425064173
355,潘家园街道_110105018000,116.459539,39.874292,12965780.776585242,4821053.446762169
356,潘家园街道_110105018000,116.459539,39.874742,12965780.761760877,4821118.425064173
357,潘家园街道_110105018000,116.460103,39.874853,12965843.237135774,4821134.754315262
358,潘家园街道_110105018000,116.460687,39.874858,12965907.904846964,4821135.780538978
359,潘家园街道_110105018000,116.461271,39.874846,12965972.561555644,4821134.420870231
360,潘家园街道_110105018000,116.461731,39.873629,12966023.53942076,4820958.848175479
361,潘家园街道_110105018000,116.461589,39.873196,12966007.796940802,4820896.228935606
362,潘家园街道_110105018000,116.461525,39.872751,12966000.728762802,4820831.88971003
363,潘家园街道_110105018000,116.461449,39.872605,12965992.29732356,4820810.766080703
364,潘家园街道_110105018000,116.461597,39.872172,12966008.693776151,4820748.252067764
365,潘家园街道_110105018000,116.461593,39.874848,12966008.229019012,4821134.9055914255
366,潘家园街道_110105018000,116.461578,39.874837,12966006.572620925,4821133.322435388
367,潘家园街道_110105018000,116.461588,39.874386,12966007.702276591,4821068.158621706
368,潘家园街道_110105018000,116.461605,39.873937,12966009.553694494,4821003.315068411
369,潘家园街道_110105018000,116.461615,39.870139,12966010.680255564,4820454.572150815
370,潘家园街道_110105018000,116.461591,39.870589,12966008.055287067,4820519.565774029
371,潘家园街道_110105018000,116.461592,39.871039,12966008.140228616,4820584.584765594
372,潘家园街道_110105018000,116.461606,39.871489,12966009.7000399,4820649.617525587
373,潘家园街道_110105018000,116.463075,39.870143,12966172.25466196,4820456.303327026
374,潘家园街道_110105018000,116.462511,39.870034,12966109.862620639,4820440.074751454
375,潘家园街道_110105018000,116.46193,39.870055,12966045.561631752,4820442.639559377
376,潘家园街道_110105018000,116.461593,39.874848,12966008.229019012,4821134.9055914255
377,潘家园街道_110105018000,116.461618,39.875298,12966010.984137123,4821199.949053294
378,潘家园街道_110105018000,116.461621,39.875748,12966011.298191119,4821264.96954055
379,潘家园街道_110105018000,116.461619,39.876197,12966011.068989076,4821329.828108247
380,潘家园街道_110105018000,116.461618,39.876647,12966010.929032803,4821394.844239351
381,潘家园街道_110105018000,116.463811,39.874969,12966253.647785308,4821154.2090347335
382,潘家园街道_110105018000,116.463248,39.874858,12966191.392513614,4821137.657139294
383,潘家园街道_110105018000,116.462664,39.874855,12966126.744361527,4821136.7163457945
384,潘家园街道_110105018000,116.46208,39.874849,12966062.115332428,4821135.425993403
385,潘家园街道_110105018000,116.461736,39.871806,12966024.093227062,4820695.489830778
386,潘家园街道_110105018000,116.46232,39.871817,12966088.728854515,4820697.53892563
387,潘家园街道_110105018000,116.462896,39.871753,12966152.451287352,4820688.764669217
388,潘家园街道_110105018000,116.461731,39.873629,12966023.53942076,4820958.848175479
389,潘家园街道_110105018000,116.462315,39.873619,12966088.1756145,4820957.8792458335
390,潘家园街道_110105018000,116.461727,39.878036,12966022.97148475,4821595.57553304
391,潘家园街道_110105018000,116.462296,39.87812,12966085.916589877,4821608.149149454
392,潘家园街道_110105018000,116.462881,39.878117,12966150.6623035,4821608.202375403
393,潘家园街道_110105018000,116.463462,39.878088,12966214.976820866,4821604.5303995265
394,潘家园街道_110105018000,116.461727,39.878036,12966022.97148475,4821595.57553304
395,潘家园街道_110105018000,116.461612,39.877597,12966010.251867803,4821532.083754275
396,潘家园街道_110105018000,116.461718,39.877159,12966021.990660667,4821468.862654731
397,潘家园街道_110105018000,116.46365,39.877056,12966235.800619228,4821455.611510314
398,潘家园街道_110105018000,116.463065,39.877058,12966171.069474036,4821455.346559549
399,潘家园街道_110105018000,116.462481,39.877053,12966106.448101845,4821454.1448155595
400,潘家园街道_110105018000,116.461897,39.877062,12966041.81494015,4821455.023191207
401,潘家园街道_110105018000,116.462494,39.873598,12966107.96230877,4820954.986961882
402,潘家园街道_110105018000,116.46292,39.873291,12966155.127807856,4820910.967785348
403,潘家园街道_110105018000,116.463324,39.872966,12966199.818525495,4820864.356208626
404,潘家园街道_110105018000,116.463727,39.872639,12966244.413172219,4820817.488922141
405,潘家园街道_110105018000,116.46292,39.871747,12966155.131308623,4820687.892382392
406,潘家园街道_110105018000,116.463331,39.872067,12966200.590776522,4820734.4858083585
407,潘家园街道_110105018000,116.463727,39.872398,12966244.4184214,4820782.648134997
408,潘家园街道_110105018000,116.46292,39.871747,12966155.131308623,4820687.892382392
409,潘家园街道_110105018000,116.463025,39.871306,12966166.761201266,4820624.255549025
410,潘家园街道_110105018000,116.463029,39.870856,12966167.18885831,4820559.242078527
411,潘家园街道_110105018000,116.463049,39.870406,12966169.391855836,4820494.24807974
412,潘家园街道_110105018000,116.463075,39.870143,12966172.25466196,4820456.303327026
413,潘家园街道_110105018000,116.463647,39.870059,12966235.571273113,4820444.638161086
414,潘家园街道_110105018000,116.463802,39.877985,12966252.583406182,4821589.958797887
415,潘家园街道_110105018000,116.463795,39.877535,12966251.79319877,4821524.971202198
416,潘家园街道_110105018000,116.463676,39.877098,12966238.688716311,4821461.719845927
417,潘家园街道_110105018000,116.463811,39.874969,12966253.647785308,4821154.2090347335
418,潘家园街道_110105018000,116.463807,39.87542,12966253.209805652,4821219.378233124
419,潘家园街道_110105018000,116.463805,39.87587,12966252.981491864,4821284.393108479
420,潘家园街道_110105018000,116.463803,39.87632,12966252.75209056,4821349.407930897
421,潘家园街道_110105018000,116.463775,39.87677,12966249.631654724,4821414.388523297
422,潘家园街道_110105018000,116.466111,39.870107,12966508.017615462,4820454.248664884
423,潘家园街道_110105018000,116.465546,39.870002,12966445.558139384,4820438.405418557
424,潘家园街道_110105018000,116.464962,39.869997,12966380.981851652,4820436.992947019
425,潘家园街道_110105018000,116.464378,39.869998,12966316.425274294,4820436.560653396
426,潘家园街道_110105018000,116.4638,39.870052,12966252.489945862,4820443.778888343
427,潘家园街道_110105018000,116.463811,39.874969,12966253.647785308,4821154.2090347335
428,潘家园街道_110105018000,116.464366,39.874827,12966315.02909181,4821134.262058198
429,潘家园街道_110105018000,116.465912,39.878027,12966485.906214071,4821598.27344997
430,潘家园街道_110105018000,116.465338,39.878103,12966422.445694674,4821608.569609977
431,潘家园街道_110105018000,116.464754,39.878106,12966357.865546659,4821608.385751305
432,潘家园街道_110105018000,116.464172,39.878085,12966293.486940691,4821604.756003758
433,潘家园街道_110105018000,116.463875,39.872518,12966260.76212257,4820800.164099994
434,潘家园街道_110105018000,116.464742,39.873105,12966356.644868582,4820885.847423984
435,潘家园街道_110105018000,116.464313,39.8728,12966309.218610017,4820841.31586371
436,潘家园街道_110105018000,116.465328,39.871535,12966421.46809698,4820659.626679353
437,潘家园街道_110105018000,116.464876,39.871818,12966371.479269287,4820700.038162624
438,潘家园街道_110105018000,116.464444,39.872121,12966323.710656362,4820743.361996628
439,潘家园街道_110105018000,116.464037,39.872444,12966278.674601786,4820789.601643044
440,潘家园街道_110105018000,116.466087,39.874801,12966505.360255376,4821132.412759259
441,潘家园街道_110105018000,116.465506,39.874847,12966441.122722913,4821138.3369468115
442,潘家园街道_110105018000,116.464926,39.874814,12966376.998240907,4821132.974643983
443,潘家园街道_110105018000,116.464669,39.874739,12966348.560824746,4821121.830212394
444,潘家园街道_110105018000,116.464688,39.874289,12966350.652274577,4821056.839215002
445,潘家园街道_110105018000,116.464679,39.873839,12966349.672785385,4820991.848109845
446,潘家园街道_110105018000,116.464678,39.873389,12966349.56496644,4820926.828900652
447,潘家园街道_110105018000,116.464742,39.873105,12966356.644868582,4820885.847423984
448,潘家园街道_110105018000,116.465312,39.873013,12966419.69270887,4820873.194286534
449,潘家园街道_110105018000,116.465896,39.872995,12966484.263386847,4820871.2203320265
450,潘家园街道_110105018000,116.465328,39.871535,12966421.46809698,4820659.626679353
451,潘家园街道_110105018000,116.465923,39.871532,12966487.241540087,4820659.904536775
452,潘家园街道_110105018000,116.466077,39.871963,12966504.292513607,4820722.3419576315
453,潘家园街道_110105018000,116.465923,39.871532,12966487.241540087,4820659.904536775
454,潘家园街道_110105018000,116.466082,39.871102,12966504.817859514,4820597.956649735
455,潘家园街道_110105018000,116.466089,39.870652,12966505.605643077,4820532.949602
456,潘家园街道_110105018000,116.466109,39.870202,12966507.836325107,4820467.963036832
457,潘家园街道_110105018000,116.465912,39.878027,12966485.906214071,4821598.27344997
458,潘家园街道_110105018000,116.465912,39.878027,12966485.906214071,4821598.27344997
459,潘家园街道_110105018000,116.465971,39.877579,12966492.457444869,4821533.661724009
460,潘家园街道_110105018000,116.46601,39.87713,12966496.78129282,4821468.82287176
461,潘家园街道_110105018000,116.466071,39.876682,12966503.540889489,4821404.1363221
462,潘家园街道_110105018000,116.466133,39.876235,12966510.389513822,4821339.647378481
463,潘家园街道_110105018000,116.466189,39.875787,12966516.605243864,4821274.992988065
464,潘家园街道_110105018000,116.466236,39.875338,12966521.796993159,4821210.206607698
465,潘家园街道_110105018000,116.466036,39.872994,12966499.757560173,4820871.282100731
466,潘家园街道_110105018000,116.466076,39.873444,12966504.138410272,4820936.323008533
467,潘家园街道_110105018000,116.466079,39.873894,12966504.486727398,4821001.345817474
468,潘家园街道_110105018000,116.466085,39.874344,12966505.13476586,4821066.372836068
469,潘家园街道_110105018000,116.466036,39.872994,12966499.757560173,4820871.282100731
470,潘家园街道_110105018000,116.466126,39.872921,12966509.687328735,4820860.802524896
471,潘家园街道_110105018000,116.466074,39.872472,12966503.951371402,4820795.8988228915
472,潘家园街道_110105018000,116.466111,39.870107,12966508.017615462,4820454.248664884
473,潘家园街道_110105018000,116.466675,39.869998,12966570.379214428,4820439.1646512635
474,潘家园街道_110105018000,116.467259,39.869999,12966634.926455824,4820440.099518006
475,潘家园街道_110105018000,116.467843,39.87,12966699.4341736,4820441.030569004
476,潘家园街道_110105018000,116.468428,39.870001,12966764.052961603,4820441.998483841
477,潘家园街道_110105018000,116.46901,39.870026,12966828.361966673,4820446.444169337
478,潘家园街道_110105018000,116.466087,39.874801,12966505.360255376,4821132.412759259
479,潘家园街道_110105018000,116.466062,39.878119,12966502.478593381,4821611.754047564
480,潘家园街道_110105018000,116.466623,39.878234,12966564.503238304,4821629.073202649
481,潘家园街道_110105018000,116.467204,39.878278,12966628.688100304,4821636.1916010715
482,潘家园街道_110105018000,116.467785,39.878323,12966692.893608093,4821643.463592713
483,潘家园街道_110105018000,116.466126,39.872921,12966509.687328735,4820860.802524896
484,潘家园街道_110105018000,116.46671,39.872929,12966574.243485983,4820862.721890456
485,潘家园街道_110105018000,116.467293,39.872895,12966638.640601745,4820858.56185526
486,潘家园街道_110105018000,116.467874,39.872856,12966702.84800291,4820853.7291381825
487,潘家园街道_110105018000,116.468455,39.87281,12966767.0464669,4820847.872773358
488,潘家园街道_110105018000,116.469036,39.872764,12966831.236058718,4820842.128341784
489,潘家园街道_110105018000,116.469588,39.872622,12966892.202924488,4820822.408216326
490,潘家园街道_110105018000,116.469928,39.874843,12966929.711950177,4821143.847929062
491,潘家园街道_110105018000,116.469344,39.874844,12966865.205793161,4821143.070516443
492,潘家园街道_110105018000,116.468759,39.874845,12966800.600899514,4821142.363144514
493,潘家园街道_110105018000,116.468175,39.874846,12966736.107464004,4821141.652009572
494,潘家园街道_110105018000,116.467591,39.874847,12966671.574900653,4821140.9747410845
495,潘家园街道_110105018000,116.467007,39.874848,12966607.033021789,4821140.332799393
496,潘家园街道_110105018000,116.466424,39.87488,12966542.600825477,4821144.235799776
497,潘家园街道_110105018000,116.468302,39.878427,12966750.02086691,4821659.237260042
498,潘家园街道_110105018000,116.468881,39.878487,12966813.967965523,4821668.725376847
499,潘家园街道_110105018000,116.469457,39.878563,12966877.574910816,4821680.591774617
500,潘家园街道_110105018000,116.470025,39.878669,12966940.30032071,4821696.784847193
501,潘家园街道_110105018000,116.470603,39.878722,12967004.102719475,4821705.385021181
502,潘家园街道_110105018000,116.469333,39.870111,12966864.044807471,4820459.243532599
503,潘家园街道_110105018000,116.469345,39.870561,12966865.363305379,4820524.28468505
504,潘家园街道_110105018000,116.469334,39.871011,12966864.155538736,4820589.242963629
505,潘家园街道_110105018000,116.469333,39.870111,12966864.044807471,4820459.243532599
506,潘家园街道_110105018000,116.469899,39.870008,12966926.538066756,4820445.24856605
507,潘家园街道_110105018000,116.470483,39.870004,12966991.036374805,4820445.5853428375
508,潘家园街道_110105018000,116.469339,39.871418,12966864.720862614,4820648.078767017
509,潘家园街道_110105018000,116.469649,39.872594,12966898.936732803,4820818.489404692
510,潘家园街道_110105018000,116.469611,39.872145,12966894.73788584,4820753.554524176
511,潘家园街道_110105018000,116.470958,39.872671,12967043.466666248,4820831.722163443
512,潘家园街道_110105018000,116.470374,39.872676,12966978.974792425,4820831.4781826595
513,潘家园街道_110105018000,116.469795,39.872634,12966915.077097015,4820824.456067516
514,潘家园街道_110105018000,116.469927,39.875334,12966929.574024424,4821214.781114751
515,潘家园街道_110105018000,116.469928,39.874884,12966929.710523997,4821149.765740462
516,潘家园街道_110105018000,116.469928,39.874843,12966929.711950177,4821143.847929062
517,潘家园街道_110105018000,116.470044,39.875313,12966942.529142266,4821211.915818055
518,潘家园街道_110105018000,116.470045,39.874862,12966942.605503123,4821146.7818047805
519,潘家园街道_110105018000,116.470045,39.874843,12966942.606163125,4821144.038448374
520,潘家园街道_110105018000,116.470136,39.875841,12966952.667542374,4821288.402062158
521,潘家园街道_110105018000,116.470136,39.875841,12966952.667542374,4821288.402062158
522,潘家园街道_110105018000,116.470161,39.87531,12966955.423140189,4821211.676477644
523,潘家园街道_110105018000,116.470162,39.874859,12966955.559602756,4821146.543547767
524,潘家园街道_110105018000,116.470162,39.874842,12966955.56019657,4821144.074526928
525,潘家园街道_110105018000,116.470248,39.875925,12966965.01681692,4821300.655783423
526,潘家园街道_110105018000,116.470245,39.875475,12966964.70391829,4821235.671574929
527,潘家园街道_110105018000,116.470365,39.876014,12966977.936548553,4821313.743985378
528,潘家园街道_110105018000,116.470278,39.875308,12966968.34682672,4821211.595677295
529,潘家园街道_110105018000,116.470279,39.874858,12966968.483253306,4821146.580329492
530,潘家园街道_110105018000,116.470396,39.874842,12966981.377043748,4821144.462302528
531,潘家园街道_110105018000,116.470361,39.875393,12966977.510201814,4821223.989016847
532,潘家园街道_110105018000,116.470364,39.875843,12966977.823280731,4821289.0124589335
533,潘家园街道_110105018000,116.470365,39.876014,12966977.936548553,4821313.743985378
534,潘家园街道_110105018000,116.470395,39.875307,12966981.27015824,4821211.633680678
535,潘家园街道_110105018000,116.470396,39.874856,12966981.37655373,4821146.500224597
536,潘家园街道_110105018000,116.470942,39.874851,12967041.661168557,4821146.62793882
537,潘家园街道_110105018000,116.470483,39.876076,12966990.977263121,4821322.877339277
538,潘家园街道_110105018000,116.470483,39.876076,12966990.977263121,4821322.877339277
539,潘家园街道_110105018000,116.47048,39.875626,12966990.634704255,4821257.853344552
540,潘家园街道_110105018000,116.470483,39.876076,12966990.977263121,4821322.877339277
541,潘家园街道_110105018000,116.470718,39.876108,12967016.911227131,4821327.898525785
542,潘家园街道_110105018000,116.470936,39.876525,12967040.964338906,4821388.50150989
543,潘家园街道_110105018000,116.470983,39.876972,12967046.142941892,4821453.145261438
544,潘家园街道_110105018000,116.470718,39.876108,12967016.911227131,4821327.898525785
545,潘家园街道_110105018000,116.471026,39.875727,12967050.944150593,4821273.387616862
546,潘家园街道_110105018000,116.471121,39.875287,12967061.418261206,4821209.937275004
547,潘家园街道_110105018000,116.470948,39.87486,12967042.321964007,4821147.933525723
548,潘家园街道_110105018000,116.470958,39.872671,12967043.466666248,4820831.722163443
549,潘家园街道_110105018000,116.471103,39.872238,12967059.492471788,4820769.393681352
550,潘家园街道_110105018000,116.471102,39.871788,12967059.380768707,4820704.373408037
551,潘家园街道_110105018000,116.471097,39.871338,12967058.817170814,4820639.344619062
552,潘家园街道_110105018000,116.471093,39.870888,12967058.372611608,4820574.317996044
553,潘家园街道_110105018000,116.47108,39.870438,12967056.935257804,4820509.272747369
554,潘家园街道_110105018000,116.470958,39.872671,12967043.466666248,4820831.722163443
555,潘家园街道_110105018000,116.471108,39.873103,12967060.013807919,4820894.383976611
556,潘家园街道_110105018000,116.471118,39.873553,12967061.113793746,4820959.422586114
557,潘家园街道_110105018000,116.471122,39.874003,12967061.581612127,4821024.449312091
558,潘家园街道_110105018000,116.471117,39.874453,12967060.996582784,4821089.456273414
559,潘家园街道_110105018000,116.470995,39.878656,12967047.380126525,4821696.50447353
560,潘家园街道_110105018000,116.471107,39.878217,12967059.784156045,4821633.246898961
561,潘家园街道_110105018000,116.47111,39.877767,12967060.107781293,4821568.235291937
562,潘家园街道_110105018000,116.471073,39.87732,12967056.07304983,4821503.612433353
563,潘家园街道_110105018000,116.454488,39.869988,12965220.729417726,4820431.01726387
564,潘家园街道_110105018000,116.454486,39.869538,12965220.520815687,4820365.998774285
565,潘家园街道_110105018000,116.454477,39.869087,12965219.526073923,4820300.8619943885
566,潘家园街道_110105018000,116.454108,39.868925,12965178.554272385,4820277.55911622
567,潘家园街道_110105018000,116.453523,39.868929,12965113.628909517,4820278.30536688
568,潘家园街道_110105018000,116.453161,39.868751,12965073.399294239,4820252.698815754
569,潘家园街道_110105018000,116.453103,39.868323,12965066.965297673,4820190.899560725
570,潘家园街道_110105018000,116.452518,39.868337,12965002.01864606,4820193.176750331
571,潘家园街道_110105018000,116.451934,39.86835,12964937.150254123,4820195.3831078615
572,潘家园街道_110105018000,116.451388,39.8684,12964876.470457248,4820202.9142134115
573,潘家园街道_110105018000,116.451394,39.868851,12964877.135535363,4820268.087516911
574,潘家园街道_110105018000,116.451169,39.869062,12964852.1711998,4820298.735528744
575,潘家园街道_110105018000,116.451179,39.869512,12964853.28796097,4820363.750268835
576,潘家园街道_110105018000,116.451189,39.869963,12964854.403544305,4820428.882507344
577,潘家园街道_110105018000,116.450891,39.87018,12964821.27506011,4820460.428166673
578,潘家园街道_110105018000,116.450306,39.870184,12964756.281685114,4820461.471272739
579,潘家园街道_110105018000,116.449722,39.870181,12964691.336642219,4820461.502179564
580,潘家园街道_110105018000,116.449138,39.870176,12964626.40975256,4820461.265281294
581,潘家园街道_110105018000,116.448553,39.87017,12964561.319610145,4820460.996506061
582,潘家园街道_110105018000,116.447968,39.870165,12964496.278000437,4820460.890241779
583,潘家园街道_110105018000,116.447384,39.87016,12964431.285074634,4820460.789184762
584,潘家园街道_110105018000,116.446799,39.870154,12964366.189661702,4820460.615662157
585,潘家园街道_110105018000,116.446215,39.870149,12964301.173453381,4820460.642033474
586,潘家园街道_110105018000,116.44563,39.870144,12964236.054993093,4820460.67341154
587,潘家园街道_110105018000,116.445045,39.870138,12964170.894953083,4820460.630380536
588,潘家园街道_110105018000,116.444503,39.870029,12964110.540130537,4820445.683443521
589,潘家园街道_110105018000,116.443922,39.870072,12964045.843034893,4820452.809177002
590,潘家园街道_110105018000,116.443343,39.870137,12963981.316871108,4820463.147523786
591,潘家园街道_110105018000,116.442765,39.870205,12963916.901460832,4820473.8764501475
592,潘家园街道_110105018000,116.442189,39.87028,12963852.71822993,4820485.737989257
593,潘家园街道_110105018000,116.441612,39.870355,12963788.403836438,4820497.599523327
594,潘家园街道_110105018000,116.441121,39.870529,12963733.658058487,4820523.662649106
595,潘家园街道_110105018000,116.440539,39.870574,12963668.750026973,4820531.210962483
596,潘家园街道_110105018000,116.439957,39.870618,12963603.832523568,4820538.755942208
597,潘家园街道_110105018000,116.439375,39.870662,12963538.936119672,4820546.296171875
598,潘家园街道_110105018000,116.438798,39.870643,12963474.516781112,4820544.730679705
599,潘家园街道_110105018000,116.438216,39.87069,12963409.602746459,4820552.7294798605
600,潘家园街道_110105018000,116.437643,39.87078,12963345.650597347,4820567.01364791
601,潘家园街道_110105018000,116.437294,39.870969,12963306.691166047,4820595.10278292
602,潘家园街道_110105018000,116.437454,39.871401,12963324.555712773,4820657.135992762
603,潘家园街道_110105018000,116.437531,39.871848,12963333.16470163,4820721.569516517
604,潘家园街道_110105018000,116.437609,39.872294,12963341.833118243,4820785.806467829
605,潘家园街道_110105018000,116.437686,39.872741,12963350.43955485,4820850.2409155965
606,潘家园街道_110105018000,116.437763,39.873188,12963359.014389616,4820914.63717321
607,潘家园街道_110105018000,116.43784,39.873634,12963367.618322792,4820978.915795053
608,潘家园街道_110105018000,116.437967,39.874074,12963381.772910813,4821042.196681226
609,潘家园街道_110105018000,116.438125,39.874507,12963399.414912784,4821104.438871239
610,潘家园街道_110105018000,116.438333,39.874927,12963422.607011802,4821164.628694697
611,潘家园街道_110105018000,116.438575,39.875337,12963449.589060055,4821223.386734793
612,潘家园街道_110105018000,116.43881,39.875749,12963475.840685694,4821282.436848693
613,潘家园街道_110105018000,116.439032,39.876163,12963500.57341053,4821341.79167592
614,潘家园街道_110105018000,116.439255,39.876579,12963525.455513557,4821401.3839783855
615,潘家园街道_110105018000,116.439358,39.877021,12963536.92961017,4821465.077773183
616,潘家园街道_110105018000,116.439426,39.877468,12963544.520333482,4821529.540686101
617,潘家园街道_110105018000,116.439434,39.877918,12963545.377241474,4821594.504495904
618,潘家园街道_110105018000,116.439883,39.878084,12963595.435690174,4821617.573058888
619,潘家园街道_110105018000,116.440464,39.878111,12963660.26159346,4821620.332140479
620,潘家园街道_110105018000,116.441048,39.878108,12963725.382796561,4821618.811463007
621,潘家园街道_110105018000,116.441633,39.878105,12963790.585210213,4821617.287199772
622,潘家园街道_110105018000,116.442218,39.878108,12963855.807625636,4821616.6625823025
623,潘家园街道_110105018000,116.442647,39.878252,12963903.619394563,4821636.759784948
624,潘家园街道_110105018000,116.442681,39.878701,12963907.413137006,4821701.570384661
625,潘家园街道_110105018000,116.442942,39.878962,12963936.487190539,4821738.818588859
626,潘家园街道_110105018000,116.443416,39.879051,12963989.290842066,4821750.895424149
627,潘家园街道_110105018000,116.443583,39.878701,12964007.911529511,4821700.074197608
628,潘家园街道_110105018000,116.4441,39.878761,12964065.523549717,4821707.898738896
629,潘家园街道_110105018000,116.444599,39.878684,12964121.075242562,4821696.02602064
630,潘家园街道_110105018000,116.445047,39.87857,12964170.988606827,4821678.9126501735
631,潘家园街道_110105018000,116.445632,39.878563,12964236.118829336,4821677.0749765355
632,潘家园街道_110105018000,116.446217,39.878556,12964301.268014139,4821675.279880716
633,潘家园街道_110105018000,116.446801,39.87855,12964366.284605911,4821673.686051276
634,潘家园街道_110105018000,116.446863,39.878967,12964373.131723939,4821733.824497793
635,潘家园街道_110105018000,116.446872,39.879417,12964374.10455087,4821798.833143635
636,潘家园街道_110105018000,116.446889,39.879867,12964375.98433111,4821863.83415416
637,潘家园街道_110105018000,116.446863,39.880317,12964373.081272533,4821928.914609375
638,潘家园街道_110105018000,116.447436,39.880325,12964436.873851102,4821929.416603533
639,潘家园街道_110105018000,116.447597,39.880652,12964454.736052776,4821976.425503215
640,潘家园街道_110105018000,116.447779,39.880989,12964474.9864561,4822024.909371675
641,潘家园街道_110105018000,116.448303,39.88102,12964533.28392256,4822028.847887023
642,潘家园街道_110105018000,116.448887,39.881,12964598.229396168,4822025.375105314
643,潘家园街道_110105018000,116.449472,39.88098,12964663.283854464,4822021.947059975
644,潘家园街道_110105018000,116.450056,39.880959,12964728.205314826,4822018.447905453
645,潘家园街道_110105018000,116.45064,39.880939,12964793.11459195,4822015.073164
646,潘家园街道_110105018000,116.451224,39.880925,12964858.041466288,4822012.64599836
647,潘家园街道_110105018000,116.451806,39.880887,12964922.68568451,4822006.778111076
648,潘家园街道_110105018000,116.452384,39.880861,12964986.893905101,4822002.720888647
649,潘家园街道_110105018000,116.45293,39.880987,12965047.51566712,4822020.699316413
650,潘家园街道_110105018000,116.453468,39.881151,12965107.248195076,4822044.166595609
651,潘家园街道_110105018000,116.454052,39.881167,12965172.083105512,4822046.31612131
652,潘家园街道_110105018000,116.454637,39.881168,12965236.997234505,4822046.278820814
653,潘家园街道_110105018000,116.455137,39.881105,12965292.51585371,4822037.102324109
654,潘家园街道_110105018000,116.455138,39.880654,12965292.60579265,4821971.928614401
655,潘家园街道_110105018000,116.45514,39.880204,12965292.87580494,4821906.95115951
656,潘家园街道_110105018000,116.455291,39.879799,12965309.622653088,4821848.389990942
657,潘家园街道_110105018000,116.455621,39.879488,12965346.2817727,4821803.433728038
658,潘家园街道_110105018000,116.455823,39.879153,12965368.663932674,4821755.007358957
659,潘家园街道_110105018000,116.456221,39.878873,12965412.857609186,4821714.56482181
660,潘家园街道_110105018000,116.456783,39.878749,12965475.168479368,4821696.6643654555
661,潘家园街道_110105018000,116.457365,39.878746,12965539.723532155,4821696.295622764
662,潘家园街道_110105018000,116.457642,39.878422,12965570.445746671,4821649.5235544285
663,潘家园街道_110105018000,116.458128,39.878172,12965624.321120277,4821613.541133468
664,潘家园街道_110105018000,116.458527,39.877863,12965668.5424019,4821568.99067677
665,潘家园街道_110105018000,116.459053,39.877672,12965726.830561368,4821541.598371533
666,潘家园街道_110105018000,116.459623,39.877595,12965789.986214036,4821530.69800304
667,潘家园街道_110105018000,116.460189,39.877702,12965852.669439143,4821546.4080069475
668,潘家园街道_110105018000,116.460715,39.877899,12965910.907797417,4821575.133779252
669,潘家园街道_110105018000,116.461233,39.878108,12965968.26224875,4821605.690103973
670,潘家园街道_110105018000,116.461746,39.87826,12966025.06831062,4821627.9670519475
671,潘家园街道_110105018000,116.46227,39.878432,12966083.06911072,4821653.189502907
672,潘家园街道_110105018000,116.462798,39.878522,12966141.48675545,4821666.654306328
673,潘家园街道_110105018000,116.463359,39.878509,12966203.543962274,4821665.263049325
674,潘家园街道_110105018000,116.463856,39.878596,12966258.511538649,4821678.286692108
675,潘家园街道_110105018000,116.464441,39.878604,12966323.22758115,4821680.017835032
676,潘家园街道_110105018000,116.465026,39.878611,12966387.903026856,4821681.6318697585
677,潘家园街道_110105018000,116.46561,39.878619,12966452.477784187,4821683.479855737
678,潘家园街道_110105018000,116.466175,39.878666,12966514.964517921,4821690.940679169
679,潘家园街道_110105018000,116.466755,39.878703,12966579.066838915,4821696.971569812
680,潘家园街道_110105018000,116.467338,39.878739,12966643.490481304,4821702.96532068
681,潘家园街道_110105018000,116.467919,39.878789,12966707.693482768,4821710.950832776
682,潘家园街道_110105018000,116.468493,39.878871,12966771.10384386,4821723.660735811
683,潘家园街道_110105018000,116.469068,39.878956,12966834.595603999,4821736.757572658
684,潘家园街道_110105018000,116.469642,39.879041,12966897.98874768,4821749.923837127
685,潘家园街道_110105018000,116.470217,39.879117,12966961.464440374,4821761.789990371
686,潘家园街道_110105018000,116.4708,39.8791,12967025.86912141,4821760.339183982
687,潘家园街道_110105018000,116.471224,39.878938,12967072.696063668,4821737.61932166
688,潘家园街道_110105018000,116.471216,39.878487,12967071.78938699,4821672.427847905
689,潘家园街道_110105018000,116.471216,39.878037,12967071.813136974,4821607.410631094
690,潘家园街道_110105018000,116.471215,39.877586,12967071.715700313,4821542.273553669
691,潘家园街道_110105018000,116.471214,39.877136,12967071.647225307,4821477.254578661
692,潘家园街道_110105018000,116.471213,39.876685,12967071.547693018,4821412.07823626
693,潘家园街道_110105018000,116.471212,39.876235,12967071.416992502,4821347.058046803
694,潘家园街道_110105018000,116.47121,39.875784,12967071.225147532,4821281.919105894
695,潘家园街道_110105018000,116.471208,39.875334,12967071.032178318,4821216.897683129
696,潘家园街道_110105018000,116.471206,39.874883,12967070.808098715,4821151.718874113
697,潘家园街道_110105018000,116.471204,39.874433,12967070.61291856,4821086.6973306555
698,潘家园街道_110105018000,116.471202,39.873982,12967070.416645618,4821021.558148458
699,潘家园街道_110105018000,116.4712,39.873532,12967070.159123758,4820956.53534015
700,潘家园街道_110105018000,116.471198,39.873082,12967069.96056711,4820891.513588335
701,潘家园街道_110105018000,116.471198,39.872631,12967069.971237276,4820826.338948159
702,潘家园街道_110105018000,116.471198,39.872181,12967069.980735678,4820761.320993261
703,潘家园街道_110105018000,116.471201,39.87173,12967070.28959034,4820696.151838173
704,潘家园街道_110105018000,116.471206,39.87128,12967070.837658424,4820631.143882052
705,潘家园街道_110105018000,116.47121,39.870829,12967071.294431005,4820566.016574986
706,潘家园街道_110105018000,116.471212,39.870379,12967071.509639656,4820501.002237795
707,潘家园街道_110105018000,116.471204,39.869928,12967070.641937332,4820435.810717728
708,潘家园街道_110105018000,116.470656,39.869907,12967010.150567938,4820431.865247049
709,潘家园街道_110105018000,116.470072,39.869906,12966945.654693903,4820430.774747527
710,潘家园街道_110105018000,116.469487,39.869904,12966881.030400587,4820429.595630233
711,潘家园街道_110105018000,116.468902,39.869902,12966816.427678024,4820428.370863743
712,潘家园街道_110105018000,116.468318,39.869899,12966751.936469888,4820427.102909207
713,潘家园街道_110105018000,116.467733,39.869896,12966687.285911934,4820425.82748274
714,潘家园街道_110105018000,116.467149,39.869905,12966622.776365431,4820426.353187699
715,潘家园街道_110105018000,116.466564,39.869904,12966558.10698898,4820425.501788339
716,潘家园街道_110105018000,116.465986,39.869864,12966494.21032936,4820418.976568758
717,潘家园街道_110105018000,116.465402,39.869871,12966429.64160963,4820419.298688899
718,潘家园街道_110105018000,116.46482,39.869906,12966365.303278109,4820423.73842581
719,潘家园街道_110105018000,116.464235,39.869904,12966300.593684088,4820422.843617956
720,潘家园街道_110105018000,116.46365,39.869905,12966235.903546473,4820422.381383755
721,潘家园街道_110105018000,116.463066,39.869908,12966171.262801338,4820422.3135296935
722,潘家园街道_110105018000,116.462481,39.869909,12966106.520754714,4820421.9728071615
723,潘家园街道_110105018000,116.461897,39.869906,12966041.918165749,4820421.088042593
724,潘家园街道_110105018000,116.461312,39.869912,12965977.153607748,4820421.537994145
725,潘家园街道_110105018000,116.460728,39.869913,12965912.46799288,4820421.365985966
726,潘家园街道_110105018000,116.460143,39.86991,12965847.71054696,4820420.610390904
727,潘家园街道_110105018000,116.459559,39.869912,12965783.001613889,4820420.605164189
728,潘家园街道_110105018000,116.458974,39.869913,12965718.190411516,4820420.52665585
729,潘家园街道_110105018000,116.458389,39.869915,12965653.367231932,4820420.611110762
730,潘家园街道_110105018000,116.457805,39.869917,12965588.652618824,4820420.78109577
731,潘家园街道_110105018000,116.45722,39.869916,12965523.775101371,4820420.526049106
732,潘家园街道_110105018000,116.456636,39.869908,12965459.006081035,4820419.2596382145
733,潘家园街道_110105018000,116.456124,39.869892,12965402.251533672,4820416.964686831
734,潘家园街道_110105018000,116.45554,39.869893,12965337.459426187,4820417.157249642
735,潘家园街道_110105018000,116.45502,39.869988,12965279.778281188,4820430.927722079
